,Pex1,Pex2,Pex3,Pex4,Pex5,Pex6,Pex8,Pex10,Pex11,Pex12,Pex13,Pex14,Pex15,Pex17,Pex19,Pex22,Pex28,Pex29,Pex30,Pex31,Pex32,Pex34,Sei1,Rtn1,Vps1,ΔPex11,ΔAtg11,ΔDoa1,ΔTgl1,ΔPex29,ΔMdm12,capacity_mean
10473984,0,1,0,0,1,1,1,1,1,1,1,0,1,0,0,1,0,0,0,0,0,0,0,0,0,0.0,0.0,0.0,0.0,0.0,0.0,2.62386421
10482176,0,1,0,0,1,1,1,1,1,1,1,1,1,0,0,1,0,0,0,0,0,0,0,0,0,0.0,0.0,0.0,0.0,0.0,0.0,2.5964245699999995
10484224,0,1,0,0,1,1,1,1,1,1,1,1,1,1,0,1,0,0,0,0,0,0,0,0,0,0.0,0.0,0.0,0.0,0.0,0.0,2.5897283700000004
10476032,0,1,0,0,1,1,1,1,1,1,1,0,1,1,0,1,0,0,0,0,0,0,0,0,0,0.0,0.0,0.0,0.0,0.0,0.0,2.5710123500000006
9425408,0,1,0,0,0,1,1,1,1,1,1,0,1,0,0,1,0,0,0,0,0,0,0,0,0,0.0,0.0,0.0,0.0,0.0,0.0,2.55573448
9433600,0,1,0,0,0,1,1,1,1,1,1,1,1,0,0,1,0,0,0,0,0,0,0,0,0,0.0,0.0,0.0,0.0,0.0,0.0,2.5515753
9435648,0,1,0,0,0,1,1,1,1,1,1,1,1,1,0,1,0,0,0,0,0,0,0,0,0,0.0,0.0,0.0,0.0,0.0,0.0,2.53152599
9427456,0,1,0,0,0,1,1,1,1,1,1,0,1,1,0,1,0,0,0,0,0,0,0,0,0,0.0,0.0,0.0,0.0,0.0,0.0,2.5282898400000002
10474080,0,1,0,0,1,1,1,1,1,1,1,0,1,0,0,1,0,0,1,1,0,0,0,0,0,0.0,0.0,0.0,0.0,0.0,0.0,2.4830770600000003
14668288,0,1,1,0,1,1,1,1,1,1,1,0,1,0,0,1,0,0,0,0,0,0,0,0,0,0.0,0.0,0.0,0.0,0.0,0.0,2.48091363
10474016,0,1,0,0,1,1,1,1,1,1,1,0,1,0,0,1,0,0,0,1,0,0,0,0,0,0.0,0.0,0.0,0.0,0.0,0.0,2.4767180700000004
10484320,0,1,0,0,1,1,1,1,1,1,1,1,1,1,0,1,0,0,1,1,0,0,0,0,0,0.0,0.0,0.0,0.0,0.0,0.0,2.4766983
14678528,0,1,1,0,1,1,1,1,1,1,1,1,1,1,0,1,0,0,0,0,0,0,0,0,0,0.0,0.0,0.0,0.0,0.0,0.0,2.46793172
14676480,0,1,1,0,1,1,1,1,1,1,1,1,1,0,0,1,0,0,0,0,0,0,0,0,0,0.0,0.0,0.0,0.0,0.0,0.0,2.46710474
10473992,0,1,0,0,1,1,1,1,1,1,1,0,1,0,0,1,0,0,0,0,0,1,0,0,0,0.0,0.0,0.0,0.0,0.0,0.0,2.4666668499999997
10482272,0,1,0,0,1,1,1,1,1,1,1,1,1,0,0,1,0,0,1,1,0,0,0,0,0,0.0,0.0,0.0,0.0,0.0,0.0,2.4657450400000003
10484232,0,1,0,0,1,1,1,1,1,1,1,1,1,1,0,1,0,0,0,0,0,1,0,0,0,0.0,0.0,0.0,0.0,0.0,0.0,2.4610979000000004
10484256,0,1,0,0,1,1,1,1,1,1,1,1,1,1,0,1,0,0,0,1,0,0,0,0,0,0.0,0.0,0.0,0.0,0.0,0.0,2.45699593
27251200,1,1,0,0,1,1,1,1,1,1,1,0,1,0,0,1,0,0,0,0,0,0,0,0,0,0.0,0.0,0.0,0.0,0.0,0.0,2.45670863
10484288,0,1,0,0,1,1,1,1,1,1,1,1,1,1,0,1,0,0,1,0,0,0,0,0,0,0.0,0.0,0.0,0.0,0.0,0.0,2.4547251799999996
10482184,0,1,0,0,1,1,1,1,1,1,1,1,1,0,0,1,0,0,0,0,0,1,0,0,0,0.0,0.0,0.0,0.0,0.0,0.0,2.45418314
10482208,0,1,0,0,1,1,1,1,1,1,1,1,1,0,0,1,0,0,0,1,0,0,0,0,0,0.0,0.0,0.0,0.0,0.0,0.0,2.4534469700000003
10482240,0,1,0,0,1,1,1,1,1,1,1,1,1,0,0,1,0,0,1,0,0,0,0,0,0,0.0,0.0,0.0,0.0,0.0,0.0,2.4512738599999997
16775680,0,1,1,1,1,1,1,1,1,1,1,1,1,1,0,1,0,0,0,0,0,0,0,0,0,0.0,0.0,0.0,0.0,0.0,0.0,2.45026489
16773632,0,1,1,1,1,1,1,1,1,1,1,1,1,0,0,1,0,0,0,0,0,0,0,0,0,0.0,0.0,0.0,0.0,0.0,0.0,2.4479254900000003
14670336,0,1,1,0,1,1,1,1,1,1,1,0,1,1,0,1,0,0,0,0,0,0,0,0,0,0.0,0.0,0.0,0.0,0.0,0.0,2.44525242
10474048,0,1,0,0,1,1,1,1,1,1,1,0,1,0,0,1,0,0,1,0,0,0,0,0,0,0.0,0.0,0.0,0.0,0.0,0.0,2.4443415800000006
10474008,0,1,0,0,1,1,1,1,1,1,1,0,1,0,0,1,0,0,0,0,1,1,0,0,0,0.0,0.0,0.0,0.0,0.0,0.0,2.44237404
16765440,0,1,1,1,1,1,1,1,1,1,1,0,1,0,0,1,0,0,0,0,0,0,0,0,0,0.0,0.0,0.0,0.0,0.0,0.0,2.44140961
10474040,0,1,0,0,1,1,1,1,1,1,1,0,1,0,0,1,0,0,0,1,1,1,0,0,0,0.0,0.0,0.0,0.0,0.0,0.0,2.4406394
27259392,1,1,0,0,1,1,1,1,1,1,1,1,1,0,0,1,0,0,0,0,0,0,0,0,0,0.0,0.0,0.0,0.0,0.0,0.0,2.44004448
10476128,0,1,0,0,1,1,1,1,1,1,1,0,1,1,0,1,0,0,1,1,0,0,0,0,0,0.0,0.0,0.0,0.0,0.0,0.0,2.4342065400000004
27261440,1,1,0,0,1,1,1,1,1,1,1,1,1,1,0,1,0,0,0,0,0,0,0,0,0,0.0,0.0,0.0,0.0,0.0,0.0,2.43389804
12579328,0,1,0,1,1,1,1,1,1,1,1,1,1,0,0,1,0,0,0,0,0,0,0,0,0,0.0,0.0,0.0,0.0,0.0,0.0,2.4320453200000003
12581376,0,1,0,1,1,1,1,1,1,1,1,1,1,1,0,1,0,0,0,0,0,0,0,0,0,0.0,0.0,0.0,0.0,0.0,0.0,2.43072917
31445504,1,1,1,0,1,1,1,1,1,1,1,0,1,0,0,1,0,0,0,0,0,0,0,0,0,0.0,0.0,0.0,0.0,0.0,0.0,2.4302154700000003
10474032,0,1,0,0,1,1,1,1,1,1,1,0,1,0,0,1,0,0,0,1,1,0,0,0,0,0.0,0.0,0.0,0.0,0.0,0.0,2.42933164
10474088,0,1,0,0,1,1,1,1,1,1,1,0,1,0,0,1,0,0,1,1,0,1,0,0,0,0.0,0.0,0.0,0.0,0.0,0.0,2.42922672
31455744,1,1,1,0,1,1,1,1,1,1,1,1,1,1,0,1,0,0,0,0,0,0,0,0,0,0.0,0.0,0.0,0.0,0.0,0.0,2.4286311300000003
10484248,0,1,0,0,1,1,1,1,1,1,1,1,1,1,0,1,0,0,0,0,1,1,0,0,0,0.0,0.0,0.0,0.0,0.0,0.0,2.42652496
12571136,0,1,0,1,1,1,1,1,1,1,1,0,1,0,0,1,0,0,0,0,0,0,0,0,0,0.0,0.0,0.0,0.0,0.0,0.0,2.42587656
31453696,1,1,1,0,1,1,1,1,1,1,1,1,1,0,0,1,0,0,0,0,0,0,0,0,0,0.0,0.0,0.0,0.0,0.0,0.0,2.4226539700000003
10482200,0,1,0,0,1,1,1,1,1,1,1,1,1,0,0,1,0,0,0,0,1,1,0,0,0,0.0,0.0,0.0,0.0,0.0,0.0,2.4226411899999998
10476064,0,1,0,0,1,1,1,1,1,1,1,0,1,1,0,1,0,0,0,1,0,0,0,0,0,0.0,0.0,0.0,0.0,0.0,0.0,2.4207758999999998
13619712,0,1,1,0,0,1,1,1,1,1,1,0,1,0,0,1,0,0,0,0,0,0,0,0,0,0.0,0.0,0.0,0.0,0.0,0.0,2.4198891199999997
16767488,0,1,1,1,1,1,1,1,1,1,1,0,1,1,0,1,0,0,0,0,0,0,0,0,0,0.0,0.0,0.0,0.0,0.0,0.0,2.41790922
10474072,0,1,0,0,1,1,1,1,1,1,1,0,1,0,0,1,0,0,1,0,1,1,0,0,0,0.0,0.0,0.0,0.0,0.0,0.0,2.4158836399999997
10484328,0,1,0,0,1,1,1,1,1,1,1,1,1,1,0,1,0,0,1,1,0,1,0,0,0,0.0,0.0,0.0,0.0,0.0,0.0,2.4145802
10474024,0,1,0,0,1,1,1,1,1,1,1,0,1,0,0,1,0,0,0,1,0,1,0,0,0,0.0,0.0,0.0,0.0,0.0,0.0,2.4145016100000003
26202624,1,1,0,0,0,1,1,1,1,1,1,0,1,0,0,1,0,0,0,0,0,0,0,0,0,0.0,0.0,0.0,0.0,0.0,0.0,2.40603188
10476040,0,1,0,0,1,1,1,1,1,1,1,0,1,1,0,1,0,0,0,0,0,1,0,0,0,0.0,0.0,0.0,0.0,0.0,0.0,2.40353272
10482280,0,1,0,0,1,1,1,1,1,1,1,1,1,0,0,1,0,0,1,1,0,1,0,0,0,0.0,0.0,0.0,0.0,0.0,0.0,2.40279442
27253248,1,1,0,0,1,1,1,1,1,1,1,0,1,1,0,1,0,0,0,0,0,0,0,0,0,0.0,0.0,0.0,0.0,0.0,0.0,2.4022446500000005
10474104,0,1,0,0,1,1,1,1,1,1,1,0,1,0,0,1,0,0,1,1,1,1,0,0,0,0.0,0.0,0.0,0.0,0.0,0.0,2.40189603
10476096,0,1,0,0,1,1,1,1,1,1,1,0,1,1,0,1,0,0,1,0,0,0,0,0,0,0.0,0.0,0.0,0.0,0.0,0.0,2.40126094
10484264,0,1,0,0,1,1,1,1,1,1,1,1,1,1,0,1,0,0,0,1,0,1,0,0,0,0.0,0.0,0.0,0.0,0.0,0.0,2.4007955599999997
10482216,0,1,0,0,1,1,1,1,1,1,1,1,1,0,0,1,0,0,0,1,0,1,0,0,0,0.0,0.0,0.0,0.0,0.0,0.0,2.39833786
10484280,0,1,0,0,1,1,1,1,1,1,1,1,1,1,0,1,0,0,0,1,1,1,0,0,0,0.0,0.0,0.0,0.0,0.0,0.0,2.3972687
31447552,1,1,1,0,1,1,1,1,1,1,1,0,1,1,0,1,0,0,0,0,0,0,0,0,0,0.0,0.0,0.0,0.0,0.0,0.0,2.39720928
33552896,1,1,1,1,1,1,1,1,1,1,1,1,1,1,0,1,0,0,0,0,0,0,0,0,0,0.0,0.0,0.0,0.0,0.0,0.0,2.39590897
10482232,0,1,0,0,1,1,1,1,1,1,1,1,1,0,0,1,0,0,0,1,1,1,0,0,0,0.0,0.0,0.0,0.0,0.0,0.0,2.3959043099999997
10484272,0,1,0,0,1,1,1,1,1,1,1,1,1,1,0,1,0,0,0,1,1,0,0,0,0,0.0,0.0,0.0,0.0,0.0,0.0,2.3948002
26210816,1,1,0,0,0,1,1,1,1,1,1,1,1,0,0,1,0,0,0,0,0,0,0,0,0,0.0,0.0,0.0,0.0,0.0,0.0,2.39341535
33542656,1,1,1,1,1,1,1,1,1,1,1,0,1,0,0,1,0,0,0,0,0,0,0,0,0,0.0,0.0,0.0,0.0,0.0,0.0,2.3932651400000005
13627904,0,1,1,0,0,1,1,1,1,1,1,1,1,0,0,1,0,0,0,0,0,0,0,0,0,0.0,0.0,0.0,0.0,0.0,0.0,2.39308212
33550848,1,1,1,1,1,1,1,1,1,1,1,1,1,0,0,1,0,0,0,0,0,0,0,0,0,0.0,0.0,0.0,0.0,0.0,0.0,2.3925360200000005
10484312,0,1,0,0,1,1,1,1,1,1,1,1,1,1,0,1,0,0,1,0,1,1,0,0,0,0.0,0.0,0.0,0.0,0.0,0.0,2.38932367
10482264,0,1,0,0,1,1,1,1,1,1,1,1,1,0,0,1,0,0,1,0,1,1,0,0,0,0.0,0.0,0.0,0.0,0.0,0.0,2.3881557499999997
10482224,0,1,0,0,1,1,1,1,1,1,1,1,1,0,0,1,0,0,0,1,1,0,0,0,0,0.0,0.0,0.0,0.0,0.0,0.0,2.3878963799999995
11522560,0,1,0,1,0,1,1,1,1,1,1,0,1,0,0,1,0,0,0,0,0,0,0,0,0,0.0,0.0,0.0,0.0,0.0,0.0,2.38691515
11530752,0,1,0,1,0,1,1,1,1,1,1,1,1,0,0,1,0,0,0,0,0,0,0,0,0,0.0,0.0,0.0,0.0,0.0,0.0,2.38540159
13621760,0,1,1,0,0,1,1,1,1,1,1,0,1,1,0,1,0,0,0,0,0,0,0,0,0,0.0,0.0,0.0,0.0,0.0,0.0,2.38408504
13629952,0,1,1,0,0,1,1,1,1,1,1,1,1,1,0,1,0,0,0,0,0,0,0,0,0,0.0,0.0,0.0,0.0,0.0,0.0,2.3832434900000004
10474096,0,1,0,0,1,1,1,1,1,1,1,0,1,0,0,1,0,0,1,1,1,0,0,0,0,0.0,0.0,0.0,0.0,0.0,0.0,2.38290021
12573184,0,1,0,1,1,1,1,1,1,1,1,0,1,1,0,1,0,0,0,0,0,0,0,0,0,0.0,0.0,0.0,0.0,0.0,0.0,2.38173226
10474112,0,1,0,0,1,1,1,1,1,1,1,0,1,0,0,1,0,1,0,0,0,0,0,0,0,0.0,0.0,0.0,0.0,0.0,0.0,2.38139532
9425440,0,1,0,0,0,1,1,1,1,1,1,0,1,0,0,1,0,0,0,1,0,0,0,0,0,0.0,0.0,0.0,0.0,0.0,0.0,2.38076754
10476056,0,1,0,0,1,1,1,1,1,1,1,0,1,1,0,1,0,0,0,0,1,1,0,0,0,0.0,0.0,0.0,0.0,0.0,0.0,2.37991329
9435680,0,1,0,0,0,1,1,1,1,1,1,1,1,1,0,1,0,0,0,1,0,0,0,0,0,0.0,0.0,0.0,0.0,0.0,0.0,2.37890232
11532800,0,1,0,1,0,1,1,1,1,1,1,1,1,1,0,1,0,0,0,0,0,0,0,0,0,0.0,0.0,0.0,0.0,0.0,0.0,2.3763138600000002
9435744,0,1,0,0,0,1,1,1,1,1,1,1,1,1,0,1,0,0,1,1,0,0,0,0,0,0.0,0.0,0.0,0.0,0.0,0.0,2.37630827
10474044,0,1,0,0,1,1,1,1,1,1,1,0,1,0,0,1,0,0,0,1,1,1,1,0,0,0.0,0.0,0.0,0.0,0.0,0.0,2.3757604900000002
9433696,0,1,0,0,0,1,1,1,1,1,1,1,1,0,0,1,0,0,1,1,0,0,0,0,0,0.0,0.0,0.0,0.0,0.0,0.0,2.37460346
10484236,0,1,0,0,1,1,1,1,1,1,1,1,1,1,0,1,0,0,0,0,0,1,1,0,0,0.0,0.0,0.0,0.0,0.0,0.0,2.3742019100000005
9425504,0,1,0,0,0,1,1,1,1,1,1,0,1,0,0,1,0,0,1,1,0,0,0,0,0,0.0,0.0,0.0,0.0,0.0,0.0,2.3739830100000003
9433632,0,1,0,0,0,1,1,1,1,1,1,1,1,0,0,1,0,0,0,1,0,0,0,0,0,0.0,0.0,0.0,0.0,0.0,0.0,2.3736245599999997
10474000,0,1,0,0,1,1,1,1,1,1,1,0,1,0,0,1,0,0,0,0,1,0,0,0,0,0.0,0.0,0.0,0.0,0.0,0.0,2.37194729
10482188,0,1,0,0,1,1,1,1,1,1,1,1,1,0,0,1,0,0,0,0,0,1,1,0,0,0.0,0.0,0.0,0.0,0.0,0.0,2.3714338800000005
8917504,0,1,0,0,0,1,0,0,0,0,0,0,1,0,0,1,0,0,0,0,0,0,0,0,0,0.0,0.0,0.0,0.0,0.0,0.0,2.37029336
26212864,1,1,0,0,0,1,1,1,1,1,1,1,1,1,0,1,0,0,0,0,0,0,0,0,0,0.0,0.0,0.0,0.0,0.0,0.0,2.36967728
10474056,0,1,0,0,1,1,1,1,1,1,1,0,1,0,0,1,0,0,1,0,0,1,0,0,0,0.0,0.0,0.0,0.0,0.0,0.0,2.36920459
10476088,0,1,0,0,1,1,1,1,1,1,1,0,1,1,0,1,0,0,0,1,1,1,0,0,0,0.0,0.0,0.0,0.0,0.0,0.0,2.36917793
10484336,0,1,0,0,1,1,1,1,1,1,1,1,1,1,0,1,0,0,1,1,1,0,0,0,0,0.0,0.0,0.0,0.0,0.0,0.0,2.36886458
33544704,1,1,1,1,1,1,1,1,1,1,1,0,1,1,0,1,0,0,0,0,0,0,0,0,0,0.0,0.0,0.0,0.0,0.0,0.0,2.3684893899999997
10484240,0,1,0,0,1,1,1,1,1,1,1,1,1,1,0,1,0,0,0,0,1,0,0,0,0,0.0,0.0,0.0,0.0,0.0,0.0,2.3678854300000003
26204672,1,1,0,0,0,1,1,1,1,1,1,0,1,1,0,1,0,0,0,0,0,0,0,0,0,0.0,0.0,0.0,0.0,0.0,0.0,2.36537327
30396928,1,1,1,0,0,1,1,1,1,1,1,0,1,0,0,1,0,0,0,0,0,0,0,0,0,0.0,0.0,0.0,0.0,0.0,0.0,2.3652628100000004
10473996,0,1,0,0,1,1,1,1,1,1,1,0,1,0,0,1,0,0,0,0,0,1,1,0,0,0.0,0.0,0.0,0.0,0.0,0.0,2.36465405
10474012,0,1,0,0,1,1,1,1,1,1,1,0,1,0,0,1,0,0,0,0,1,1,1,0,0,0.0,0.0,0.0,0.0,0.0,0.0,2.3634609299999996
10484344,0,1,0,0,1,1,1,1,1,1,1,1,1,1,0,1,0,0,1,1,1,1,0,0,0,0.0,0.0,0.0,0.0,0.0,0.0,2.3634596300000004
10484352,0,1,0,0,1,1,1,1,1,1,1,1,1,1,0,1,0,1,0,0,0,0,0,0,0,0.0,0.0,0.0,0.0,0.0,0.0,2.36338506
9435656,0,1,0,0,0,1,1,1,1,1,1,1,1,1,0,1,0,0,0,0,0,1,0,0,0,0.0,0.0,0.0,0.0,0.0,0.0,2.3625946200000003
9433664,0,1,0,0,0,1,1,1,1,1,1,1,1,0,0,1,0,0,1,0,0,0,0,0,0,0.0,0.0,0.0,0.0,0.0,0.0,2.3622583699999997
10476136,0,1,0,0,1,1,1,1,1,1,1,0,1,1,0,1,0,0,1,1,0,1,0,0,0,0.0,0.0,0.0,0.0,0.0,0.0,2.3615794899999996
10484296,0,1,0,0,1,1,1,1,1,1,1,1,1,1,0,1,0,0,1,0,0,1,0,0,0,0.0,0.0,0.0,0.0,0.0,0.0,2.3610092299999996
10482192,0,1,0,0,1,1,1,1,1,1,1,1,1,0,0,1,0,0,0,0,1,0,0,0,0,0.0,0.0,0.0,0.0,0.0,0.0,2.36010235
10482204,0,1,0,0,1,1,1,1,1,1,1,1,1,0,0,1,0,0,0,0,1,1,1,0,0,0.0,0.0,0.0,0.0,0.0,0.0,2.35765638
9435712,0,1,0,0,0,1,1,1,1,1,1,1,1,1,0,1,0,0,1,0,0,0,0,0,0,0.0,0.0,0.0,0.0,0.0,0.0,2.35696892
10476080,0,1,0,0,1,1,1,1,1,1,1,0,1,1,0,1,0,0,0,1,1,0,0,0,0,0.0,0.0,0.0,0.0,0.0,0.0,2.35690987
14678624,0,1,1,0,1,1,1,1,1,1,1,1,1,1,0,1,0,0,1,1,0,0,0,0,0,0.0,0.0,0.0,0.0,0.0,0.0,2.3554947599999996
10482296,0,1,0,0,1,1,1,1,1,1,1,1,1,0,0,1,0,0,1,1,1,1,0,0,0,0.0,0.0,0.0,0.0,0.0,0.0,2.35508974
15716864,0,1,1,1,0,1,1,1,1,1,1,0,1,0,0,1,0,0,0,0,0,0,0,0,0,0.0,0.0,0.0,0.0,0.0,0.0,2.35454599
10478080,0,1,0,0,1,1,1,1,1,1,1,1,0,0,0,1,0,0,0,0,0,0,0,0,0,0.0,0.0,0.0,0.0,0.0,0.0,2.35449549
9425472,0,1,0,0,0,1,1,1,1,1,1,0,1,0,0,1,0,0,1,0,0,0,0,0,0,0.0,0.0,0.0,0.0,0.0,0.0,2.3544613299999995
9433608,0,1,0,0,0,1,1,1,1,1,1,1,1,0,0,1,0,0,0,0,0,1,0,0,0,0.0,0.0,0.0,0.0,0.0,0.0,2.3539660599999994
8919552,0,1,0,0,0,1,0,0,0,0,0,0,1,1,0,1,0,0,0,0,0,0,0,0,0,0.0,0.0,0.0,0.0,0.0,0.0,2.35395737
11524608,0,1,0,1,0,1,1,1,1,1,1,0,1,1,0,1,0,0,0,0,0,0,0,0,0,0.0,0.0,0.0,0.0,0.0,0.0,2.3517209500000003
10484252,0,1,0,0,1,1,1,1,1,1,1,1,1,1,0,1,0,0,0,0,1,1,1,0,0,0.0,0.0,0.0,0.0,0.0,0.0,2.35170485
10482304,0,1,0,0,1,1,1,1,1,1,1,1,1,0,0,1,0,1,0,0,0,0,0,0,0,0.0,0.0,0.0,0.0,0.0,0.0,2.35144609
14668384,0,1,1,0,1,1,1,1,1,1,1,0,1,0,0,1,0,0,1,1,0,0,0,0,0,0.0,0.0,0.0,0.0,0.0,0.0,2.35079278
10482288,0,1,0,0,1,1,1,1,1,1,1,1,1,0,0,1,0,0,1,1,1,0,0,0,0,0.0,0.0,0.0,0.0,0.0,0.0,2.35027409
10474108,0,1,0,0,1,1,1,1,1,1,1,0,1,0,0,1,0,0,1,1,1,1,1,0,0,0.0,0.0,0.0,0.0,0.0,0.0,2.34873266
10476152,0,1,0,0,1,1,1,1,1,1,1,0,1,1,0,1,0,0,1,1,1,1,0,0,0,0.0,0.0,0.0,0.0,0.0,0.0,2.3486866299999996
10476120,0,1,0,0,1,1,1,1,1,1,1,0,1,1,0,1,0,0,1,0,1,1,0,0,0,0.0,0.0,0.0,0.0,0.0,0.0,2.34824264
9427488,0,1,0,0,0,1,1,1,1,1,1,0,1,1,0,1,0,0,0,1,0,0,0,0,0,0.0,0.0,0.0,0.0,0.0,0.0,2.34806661
9425416,0,1,0,0,0,1,1,1,1,1,1,0,1,0,0,1,0,0,0,0,0,1,0,0,0,0.0,0.0,0.0,0.0,0.0,0.0,2.3463209899999997
10482236,0,1,0,0,1,1,1,1,1,1,1,1,1,0,0,1,0,0,0,1,1,1,1,0,0,0.0,0.0,0.0,0.0,0.0,0.0,2.34583965
16775712,0,1,1,1,1,1,1,1,1,1,1,1,1,1,0,1,0,0,0,1,0,0,0,0,0,0.0,0.0,0.0,0.0,0.0,0.0,2.34461711
15727104,0,1,1,1,0,1,1,1,1,1,1,1,1,1,0,1,0,0,0,0,0,0,0,0,0,0.0,0.0,0.0,0.0,0.0,0.0,2.3443742199999997
16775776,0,1,1,1,1,1,1,1,1,1,1,1,1,1,0,1,0,0,1,1,0,0,0,0,0,0.0,0.0,0.0,0.0,0.0,0.0,2.3439205800000003
10484384,0,1,0,0,1,1,1,1,1,1,1,1,1,1,0,1,0,1,0,1,0,0,0,0,0,0.0,0.0,0.0,0.0,0.0,0.0,2.34376404
10480128,0,1,0,0,1,1,1,1,1,1,1,1,0,1,0,1,0,0,0,0,0,0,0,0,0,0.0,0.0,0.0,0.0,0.0,0.0,2.3437276099999993
10482248,0,1,0,0,1,1,1,1,1,1,1,1,1,0,0,1,0,0,1,0,0,1,0,0,0,0.0,0.0,0.0,0.0,0.0,0.0,2.3431144
14668320,0,1,1,0,1,1,1,1,1,1,1,0,1,0,0,1,0,0,0,1,0,0,0,0,0,0.0,0.0,0.0,0.0,0.0,0.0,2.34236718
15725056,0,1,1,1,0,1,1,1,1,1,1,1,1,0,0,1,0,0,0,0,0,0,0,0,0,0.0,0.0,0.0,0.0,0.0,0.0,2.3423115
16775744,0,1,1,1,1,1,1,1,1,1,1,1,1,1,0,1,0,0,1,0,0,0,0,0,0,0.0,0.0,0.0,0.0,0.0,0.0,2.34077655
14676576,0,1,1,0,1,1,1,1,1,1,1,1,1,0,0,1,0,0,1,1,0,0,0,0,0,0.0,0.0,0.0,0.0,0.0,0.0,2.3407324899999997
10459648,0,1,0,0,1,1,1,1,1,1,0,0,1,1,0,1,0,0,0,0,0,0,0,0,0,0.0,0.0,0.0,0.0,0.0,0.0,2.33952808
30405120,1,1,1,0,0,1,1,1,1,1,1,1,1,0,0,1,0,0,0,0,0,0,0,0,0,0.0,0.0,0.0,0.0,0.0,0.0,2.33871384
10484284,0,1,0,0,1,1,1,1,1,1,1,1,1,1,0,1,0,0,0,1,1,1,1,0,0,0.0,0.0,0.0,0.0,0.0,0.0,2.33796223
14678560,0,1,1,0,1,1,1,1,1,1,1,1,1,1,0,1,0,0,0,1,0,0,0,0,0,0.0,0.0,0.0,0.0,0.0,0.0,2.3377342899999998
10476072,0,1,0,0,1,1,1,1,1,1,1,0,1,1,0,1,0,0,0,1,0,1,0,0,0,0.0,0.0,0.0,0.0,0.0,0.0,2.3375680799999996
27251296,1,1,0,0,1,1,1,1,1,1,1,0,1,0,0,1,0,0,1,1,0,0,0,0,0,0.0,0.0,0.0,0.0,0.0,0.0,2.33672259
10474064,0,1,0,0,1,1,1,1,1,1,1,0,1,0,0,1,0,0,1,0,1,0,0,0,0,0.0,0.0,0.0,0.0,0.0,0.0,2.3367047
10457600,0,1,0,0,1,1,1,1,1,1,0,0,1,0,0,1,0,0,0,0,0,0,0,0,0,0.0,0.0,0.0,0.0,0.0,0.0,2.33656121
14678592,0,1,1,0,1,1,1,1,1,1,1,1,1,1,0,1,0,0,1,0,0,0,0,0,0,0.0,0.0,0.0,0.0,0.0,0.0,2.3350701299999996
10476160,0,1,0,0,1,1,1,1,1,1,1,0,1,1,0,1,0,1,0,0,0,0,0,0,0,0.0,0.0,0.0,0.0,0.0,0.0,2.3350600100000003
16773728,0,1,1,1,1,1,1,1,1,1,1,1,1,0,0,1,0,0,1,1,0,0,0,0,0,0.0,0.0,0.0,0.0,0.0,0.0,2.3343463800000004
10484304,0,1,0,0,1,1,1,1,1,1,1,1,1,1,0,1,0,0,1,0,1,0,0,0,0,0.0,0.0,0.0,0.0,0.0,0.0,2.334316759999999
10474144,0,1,0,0,1,1,1,1,1,1,1,0,1,0,0,1,0,1,0,1,0,0,0,0,0,0.0,0.0,0.0,0.0,0.0,0.0,2.33393181
9427552,0,1,0,0,0,1,1,1,1,1,1,0,1,1,0,1,0,0,1,1,0,0,0,0,0,0.0,0.0,0.0,0.0,0.0,0.0,2.3338914999999996
10474076,0,1,0,0,1,1,1,1,1,1,1,0,1,0,0,1,0,0,1,0,1,1,1,0,0,0.0,0.0,0.0,0.0,0.0,0.0,2.3338610799999997
16773696,0,1,1,1,1,1,1,1,1,1,1,1,1,0,0,1,0,0,1,0,0,0,0,0,0,0.0,0.0,0.0,0.0,0.0,0.0,2.3329790000000004
14676544,0,1,1,0,1,1,1,1,1,1,1,1,1,0,0,1,0,0,1,0,0,0,0,0,0,0.0,0.0,0.0,0.0,0.0,0.0,2.33287034
18870784,1,0,0,0,1,1,1,1,1,1,1,1,1,0,0,1,0,0,0,0,0,0,0,0,0,0.0,0.0,0.0,0.0,0.0,0.0,2.3311376499999996
30407168,1,1,1,0,0,1,1,1,1,1,1,1,1,1,0,1,0,0,0,0,0,0,0,0,0,0.0,0.0,0.0,0.0,0.0,0.0,2.33009269
10484268,0,1,0,0,1,1,1,1,1,1,1,1,1,1,0,1,0,0,0,1,0,1,1,0,0,0.0,0.0,0.0,0.0,0.0,0.0,2.32798456
30398976,1,1,1,0,0,1,1,1,1,1,1,0,1,1,0,1,0,0,0,0,0,0,0,0,0,0.0,0.0,0.0,0.0,0.0,0.0,2.32774002
10476144,0,1,0,0,1,1,1,1,1,1,1,0,1,1,0,1,0,0,1,1,1,0,0,0,0,0.0,0.0,0.0,0.0,0.0,0.0,2.32699296
9425464,0,1,0,0,0,1,1,1,1,1,1,0,1,0,0,1,0,0,0,1,1,1,0,0,0,0.0,0.0,0.0,0.0,0.0,0.0,2.3269003199999996
14668296,0,1,1,0,1,1,1,1,1,1,1,0,1,0,0,1,0,0,0,0,0,1,0,0,0,0.0,0.0,0.0,0.0,0.0,0.0,2.32684268
10474047,0,1,0,0,1,1,1,1,1,1,1,0,1,0,0,1,0,0,0,1,1,1,1,1,1,0.0,0.0,0.0,0.0,0.0,0.0,2.32606514
18862592,1,0,0,0,1,1,1,1,1,1,1,0,1,0,0,1,0,0,0,0,0,0,0,0,0,0.0,0.0,0.0,0.0,0.0,0.0,2.3257770399999997
14676512,0,1,1,0,1,1,1,1,1,1,1,1,1,0,0,1,0,0,0,1,0,0,0,0,0,0.0,0.0,0.0,0.0,0.0,0.0,2.3255346
27261536,1,1,0,0,1,1,1,1,1,1,1,1,1,1,0,1,0,0,1,1,0,0,0,0,0,0.0,0.0,0.0,0.0,0.0,0.0,2.32547408
2085376,0,0,0,0,1,1,1,1,1,1,1,0,1,0,0,1,0,0,0,0,0,0,0,0,0,0.0,0.0,0.0,0.0,0.0,0.0,2.32516699
10482256,0,1,0,0,1,1,1,1,1,1,1,1,1,0,0,1,0,0,1,0,1,0,0,0,0,0.0,0.0,0.0,0.0,0.0,0.0,2.32437994
15718912,0,1,1,1,0,1,1,1,1,1,1,0,1,1,0,1,0,0,0,0,0,0,0,0,0,0.0,0.0,0.0,0.0,0.0,0.0,2.3243125900000003
16773664,0,1,1,1,1,1,1,1,1,1,1,1,1,0,0,1,0,0,0,1,0,0,0,0,0,0.0,0.0,0.0,0.0,0.0,0.0,2.32408801
27251232,1,1,0,0,1,1,1,1,1,1,1,0,1,0,0,1,0,0,0,1,0,0,0,0,0,0.0,0.0,0.0,0.0,0.0,0.0,2.3240207400000004
10482336,0,1,0,0,1,1,1,1,1,1,1,1,1,0,0,1,0,1,0,1,0,0,0,0,0,0.0,0.0,0.0,0.0,0.0,0.0,2.32354534
32504320,1,1,1,1,0,1,1,1,1,1,1,1,1,1,0,1,0,0,0,0,0,0,0,0,0,0.0,0.0,0.0,0.0,0.0,0.0,2.3233567699999997
14668352,0,1,1,0,1,1,1,1,1,1,1,0,1,0,0,1,0,0,1,0,0,0,0,0,0,0.0,0.0,0.0,0.0,0.0,0.0,2.3226978599999994
32494080,1,1,1,1,0,1,1,1,1,1,1,0,1,0,0,1,0,0,0,0,0,0,0,0,0,0.0,0.0,0.0,0.0,0.0,0.0,2.32240132
12581472,0,1,0,1,1,1,1,1,1,1,1,1,1,1,0,1,0,0,1,1,0,0,0,0,0,0.0,0.0,0.0,0.0,0.0,0.0,2.3222171100000004
10482220,0,1,0,0,1,1,1,1,1,1,1,1,1,0,0,1,0,0,0,1,0,1,1,0,0,0.0,0.0,0.0,0.0,0.0,0.0,2.3221361699999994
10469888,0,1,0,0,1,1,1,1,1,1,1,0,0,0,0,1,0,0,0,0,0,0,0,0,0,0.0,0.0,0.0,0.0,0.0,0.0,2.32056105
2093568,0,0,0,0,1,1,1,1,1,1,1,1,1,0,0,1,0,0,0,0,0,0,0,0,0,0.0,0.0,0.0,0.0,0.0,0.0,2.3191583600000003
9427520,0,1,0,0,0,1,1,1,1,1,1,0,1,1,0,1,0,0,1,0,0,0,0,0,0,0.0,0.0,0.0,0.0,0.0,0.0,2.31901296
10476048,0,1,0,0,1,1,1,1,1,1,1,0,1,1,0,1,0,0,0,0,1,0,0,0,0,0.0,0.0,0.0,0.0,0.0,0.0,2.31892488
10484316,0,1,0,0,1,1,1,1,1,1,1,1,1,1,0,1,0,0,1,0,1,1,1,0,0,0.0,0.0,0.0,0.0,0.0,0.0,2.31874661
14676488,0,1,1,0,1,1,1,1,1,1,1,1,1,0,0,1,0,0,0,0,0,1,0,0,0,0.0,0.0,0.0,0.0,0.0,0.0,2.3186615999999995
18872832,1,0,0,0,1,1,1,1,1,1,1,1,1,1,0,1,0,0,0,0,0,0,0,0,0,0.0,0.0,0.0,0.0,0.0,0.0,2.3183153
2095616,0,0,0,0,1,1,1,1,1,1,1,1,1,1,0,1,0,0,0,0,0,0,0,0,0,0.0,0.0,0.0,0.0,0.0,0.0,2.31681949
9435752,0,1,0,0,0,1,1,1,1,1,1,1,1,1,0,1,0,0,1,1,0,1,0,0,0,0.0,0.0,0.0,0.0,0.0,0.0,2.31661139
9425432,0,1,0,0,0,1,1,1,1,1,1,0,1,0,0,1,0,0,0,0,1,1,0,0,0,0.0,0.0,0.0,0.0,0.0,0.0,2.3165733299999998
12579424,0,1,0,1,1,1,1,1,1,1,1,1,1,0,0,1,0,0,1,1,0,0,0,0,0,0.0,0.0,0.0,0.0,0.0,0.0,2.3161665300000003
12581408,0,1,0,1,1,1,1,1,1,1,1,1,1,1,0,1,0,0,0,1,0,0,0,0,0,0.0,0.0,0.0,0.0,0.0,0.0,2.31588131
27259488,1,1,0,0,1,1,1,1,1,1,1,1,1,0,0,1,0,0,1,1,0,0,0,0,0,0.0,0.0,0.0,0.0,0.0,0.0,2.3157429900000004
14670432,0,1,1,0,1,1,1,1,1,1,1,0,1,1,0,1,0,0,1,1,0,0,0,0,0,0.0,0.0,0.0,0.0,0.0,0.0,2.3151779900000005
10482268,0,1,0,0,1,1,1,1,1,1,1,1,1,0,0,1,0,0,1,0,1,1,1,0,0,0.0,0.0,0.0,0.0,0.0,0.0,2.31499319
14678536,0,1,1,0,1,1,1,1,1,1,1,1,1,1,0,1,0,0,0,0,0,1,0,0,0,0.0,0.0,0.0,0.0,0.0,0.0,2.31472796
10474028,0,1,0,0,1,1,1,1,1,1,1,0,1,0,0,1,0,0,0,1,0,1,1,0,0,0.0,0.0,0.0,0.0,0.0,0.0,2.3143350400000005
9425456,0,1,0,0,0,1,1,1,1,1,1,0,1,0,0,1,0,0,0,1,1,0,0,0,0,0.0,0.0,0.0,0.0,0.0,0.0,2.3127881500000003
31455840,1,1,1,0,1,1,1,1,1,1,1,1,1,1,0,1,0,0,1,1,0,0,0,0,0,0.0,0.0,0.0,0.0,0.0,0.0,2.31251729
10484332,0,1,0,0,1,1,1,1,1,1,1,1,1,1,0,1,0,0,1,1,0,1,1,0,0,0.0,0.0,0.0,0.0,0.0,0.0,2.31205036
16765536,0,1,1,1,1,1,1,1,1,1,1,0,1,0,0,1,0,0,1,1,0,0,0,0,0,0.0,0.0,0.0,0.0,0.0,0.0,2.31187278
12579360,0,1,0,1,1,1,1,1,1,1,1,1,1,0,0,1,0,0,0,1,0,0,0,0,0,0.0,0.0,0.0,0.0,0.0,0.0,2.31182995
10476092,0,1,0,0,1,1,1,1,1,1,1,0,1,1,0,1,0,0,0,1,1,1,1,0,0,0.0,0.0,0.0,0.0,0.0,0.0,2.31152953
12579392,0,1,0,1,1,1,1,1,1,1,1,1,1,0,0,1,0,0,1,0,0,0,0,0,0,0.0,0.0,0.0,0.0,0.0,0.0,2.31101746
29348352,1,1,0,1,1,1,1,1,1,1,1,0,1,0,0,1,0,0,0,0,0,0,0,0,0,0.0,0.0,0.0,0.0,0.0,0.0,2.3107491899999997
27251208,1,1,0,0,1,1,1,1,1,1,1,0,1,0,0,1,0,0,0,0,0,1,0,0,0,0.0,0.0,0.0,0.0,0.0,0.0,2.3072959499999994
32502272,1,1,1,1,0,1,1,1,1,1,1,1,1,0,0,1,0,0,0,0,0,0,0,0,0,0.0,0.0,0.0,0.0,0.0,0.0,2.3069929900000004
12581440,0,1,0,1,1,1,1,1,1,1,1,1,1,1,0,1,0,0,1,0,0,0,0,0,0,0.0,0.0,0.0,0.0,0.0,0.0,2.3069429599999998
10474111,0,1,0,0,1,1,1,1,1,1,1,0,1,0,0,1,0,0,1,1,1,1,1,1,1,0.0,0.0,0.0,0.0,0.0,0.0,2.30650688
10484348,0,1,0,0,1,1,1,1,1,1,1,1,1,1,0,1,0,0,1,1,1,1,1,0,0,0.0,0.0,0.0,0.0,0.0,0.0,2.30636655
10482284,0,1,0,0,1,1,1,1,1,1,1,1,1,0,0,1,0,0,1,1,0,1,1,0,0,0.0,0.0,0.0,0.0,0.0,0.0,2.3056323199999995
10474045,0,1,0,0,1,1,1,1,1,1,1,0,1,0,0,1,0,0,0,1,1,1,1,0,1,0.0,0.0,0.0,0.0,0.0,0.0,2.3054571299999997
10476060,0,1,0,0,1,1,1,1,1,1,1,0,1,1,0,1,0,0,0,0,1,1,1,0,0,0.0,0.0,0.0,0.0,0.0,0.0,2.3050260600000003
16765472,0,1,1,1,1,1,1,1,1,1,1,0,1,0,0,1,0,0,0,1,0,0,0,0,0,0.0,0.0,0.0,0.0,0.0,0.0,2.30433895
10474092,0,1,0,0,1,1,1,1,1,1,1,0,1,0,0,1,0,0,1,1,0,1,1,0,0,0.0,0.0,0.0,0.0,0.0,0.0,2.3041687800000004
9966080,0,1,0,0,1,1,0,0,0,0,0,0,1,0,0,1,0,0,0,0,0,0,0,0,0,0.0,0.0,0.0,0.0,0.0,0.0,2.3040502099999998
10482300,0,1,0,0,1,1,1,1,1,1,1,1,1,0,0,1,0,0,1,1,1,1,1,0,0,0.0,0.0,0.0,0.0,0.0,0.0,2.3033376
27259424,1,1,0,0,1,1,1,1,1,1,1,1,1,0,0,1,0,0,0,1,0,0,0,0,0,0.0,0.0,0.0,0.0,0.0,0.0,2.30279196
27251256,1,1,0,0,1,1,1,1,1,1,1,0,1,0,0,1,0,0,0,1,1,1,0,0,0,0.0,0.0,0.0,0.0,0.0,0.0,2.30216675
33552992,1,1,1,1,1,1,1,1,1,1,1,1,1,1,0,1,0,0,1,1,0,0,0,0,0,0.0,0.0,0.0,0.0,0.0,0.0,2.3016815900000003
27251224,1,1,0,0,1,1,1,1,1,1,1,0,1,0,0,1,0,0,0,0,1,1,0,0,0,0.0,0.0,0.0,0.0,0.0,0.0,2.30167541
10484300,0,1,0,0,1,1,1,1,1,1,1,1,1,1,0,1,0,0,1,0,0,1,1,0,0,0.0,0.0,0.0,0.0,0.0,0.0,2.30098103
12571168,0,1,0,1,1,1,1,1,1,1,1,0,1,0,0,1,0,0,0,1,0,0,0,0,0,0.0,0.0,0.0,0.0,0.0,0.0,2.30088706
27251264,1,1,0,0,1,1,1,1,1,1,1,0,1,0,0,1,0,0,1,0,0,0,0,0,0,0.0,0.0,0.0,0.0,0.0,0.0,2.30085206
10476104,0,1,0,0,1,1,1,1,1,1,1,0,1,1,0,1,0,0,1,0,0,1,0,0,0,0.0,0.0,0.0,0.0,0.0,0.0,2.30074605
27261472,1,1,0,0,1,1,1,1,1,1,1,1,1,1,0,1,0,0,0,1,0,0,0,0,0,0.0,0.0,0.0,0.0,0.0,0.0,2.30060468
16765504,0,1,1,1,1,1,1,1,1,1,1,0,1,0,0,1,0,0,1,0,0,0,0,0,0,0.0,0.0,0.0,0.0,0.0,0.0,2.3005954899999996
14670368,0,1,1,0,1,1,1,1,1,1,1,0,1,1,0,1,0,0,0,1,0,0,0,0,0,0.0,0.0,0.0,0.0,0.0,0.0,2.3004396300000005
9427464,0,1,0,0,0,1,1,1,1,1,1,0,1,1,0,1,0,0,0,0,0,1,0,0,0,0.0,0.0,0.0,0.0,0.0,0.0,2.29968364
33552960,1,1,1,1,1,1,1,1,1,1,1,1,1,1,0,1,0,0,1,0,0,0,0,0,0,0.0,0.0,0.0,0.0,0.0,0.0,2.2992889099999996
10476044,0,1,0,0,1,1,1,1,1,1,1,0,1,1,0,1,0,0,0,0,0,1,1,0,0,0.0,0.0,0.0,0.0,0.0,0.0,2.2980268100000005
9435688,0,1,0,0,0,1,1,1,1,1,1,1,1,1,0,1,0,0,0,1,0,1,0,0,0,0.0,0.0,0.0,0.0,0.0,0.0,2.2979954100000004
9433704,0,1,0,0,0,1,1,1,1,1,1,1,1,0,0,1,0,0,1,1,0,1,0,0,0,0.0,0.0,0.0,0.0,0.0,0.0,2.29798838
31445600,1,1,1,0,1,1,1,1,1,1,1,0,1,0,0,1,0,0,1,1,0,0,0,0,0,0.0,0.0,0.0,0.0,0.0,0.0,2.29742818
10476156,0,1,0,0,1,1,1,1,1,1,1,0,1,1,0,1,0,0,1,1,1,1,1,0,0,0.0,0.0,0.0,0.0,0.0,0.0,2.2968219800000003
9435696,0,1,0,0,0,1,1,1,1,1,1,1,1,1,0,1,0,0,0,1,1,0,0,0,0,0.0,0.0,0.0,0.0,0.0,0.0,2.2967263
9435672,0,1,0,0,0,1,1,1,1,1,1,1,1,1,0,1,0,0,0,0,1,1,0,0,0,0.0,0.0,0.0,0.0,0.0,0.0,2.29662043
14668344,0,1,1,0,1,1,1,1,1,1,1,0,1,0,0,1,0,0,0,1,1,1,0,0,0,0.0,0.0,0.0,0.0,0.0,0.0,2.29646714
10476192,0,1,0,0,1,1,1,1,1,1,1,0,1,1,0,1,0,1,0,1,0,0,0,0,0,0.0,0.0,0.0,0.0,0.0,0.0,2.2960911800000003
9435776,0,1,0,0,0,1,1,1,1,1,1,1,1,1,0,1,0,1,0,0,0,0,0,0,0,0.0,0.0,0.0,0.0,0.0,0.0,2.29574742
16775688,0,1,1,1,1,1,1,1,1,1,1,1,1,1,0,1,0,0,0,0,0,1,0,0,0,0.0,0.0,0.0,0.0,0.0,0.0,2.2956322899999995
9425512,0,1,0,0,0,1,1,1,1,1,1,0,1,0,0,1,0,0,1,1,0,1,0,0,0,0.0,0.0,0.0,0.0,0.0,0.0,2.29560285
31455776,1,1,1,0,1,1,1,1,1,1,1,1,1,1,0,1,0,0,0,1,0,0,0,0,0,0.0,0.0,0.0,0.0,0.0,0.0,2.2954493
9433624,0,1,0,0,0,1,1,1,1,1,1,1,1,0,0,1,0,0,0,0,1,1,0,0,0,0.0,0.0,0.0,0.0,0.0,0.0,2.2953030400000003
12571232,0,1,0,1,1,1,1,1,1,1,1,0,1,0,0,1,0,0,1,1,0,0,0,0,0,0.0,0.0,0.0,0.0,0.0,0.0,2.29524317
10474060,0,1,0,0,1,1,1,1,1,1,1,0,1,0,0,1,0,0,1,0,0,1,1,0,0,0.0,0.0,0.0,0.0,0.0,0.0,2.29466764
33550944,1,1,1,1,1,1,1,1,1,1,1,1,1,0,0,1,0,0,1,1,0,0,0,0,0,0.0,0.0,0.0,0.0,0.0,0.0,2.2942280900000003
10474168,0,1,0,0,1,1,1,1,1,1,1,0,1,0,0,1,0,1,0,1,1,1,0,0,0,0.0,0.0,0.0,0.0,0.0,0.0,2.2941240400000003
14670400,0,1,1,0,1,1,1,1,1,1,1,0,1,1,0,1,0,0,1,0,0,0,0,0,0,0.0,0.0,0.0,0.0,0.0,0.0,2.29305427
9433640,0,1,0,0,0,1,1,1,1,1,1,1,1,0,0,1,0,0,0,1,0,1,0,0,0,0.0,0.0,0.0,0.0,0.0,0.0,2.2930421
14678552,0,1,1,0,1,1,1,1,1,1,1,1,1,1,0,1,0,0,0,0,1,1,0,0,0,0.0,0.0,0.0,0.0,0.0,0.0,2.29230524
10474015,0,1,0,0,1,1,1,1,1,1,1,0,1,0,0,1,0,0,0,0,1,1,1,1,1,0.0,0.0,0.0,0.0,0.0,0.0,2.29217945
33552928,1,1,1,1,1,1,1,1,1,1,1,1,1,1,0,1,0,0,0,1,0,0,0,0,0,0.0,0.0,0.0,0.0,0.0,0.0,2.29195148
9431552,0,1,0,0,0,1,1,1,1,1,1,1,0,1,0,1,0,0,0,0,0,0,0,0,0,0.0,0.0,0.0,0.0,0.0,0.0,2.29174593
31455808,1,1,1,0,1,1,1,1,1,1,1,1,1,1,0,1,0,0,1,0,0,0,0,0,0,0.0,0.0,0.0,0.0,0.0,0.0,2.29150401
9429504,0,1,0,0,0,1,1,1,1,1,1,1,0,0,0,1,0,0,0,0,0,0,0,0,0,0.0,0.0,0.0,0.0,0.0,0.0,2.29073066
31453792,1,1,1,0,1,1,1,1,1,1,1,1,1,0,0,1,0,0,1,1,0,0,0,0,0,0.0,0.0,0.0,0.0,0.0,0.0,2.29044835
27259456,1,1,0,0,1,1,1,1,1,1,1,1,1,0,0,1,0,0,1,0,0,0,0,0,0,0.0,0.0,0.0,0.0,0.0,0.0,2.29023945
27251248,1,1,0,0,1,1,1,1,1,1,1,0,1,0,0,1,0,0,0,1,1,0,0,0,0,0.0,0.0,0.0,0.0,0.0,0.0,2.2900393
16767520,0,1,1,1,1,1,1,1,1,1,1,0,1,1,0,1,0,0,0,1,0,0,0,0,0,0.0,0.0,0.0,0.0,0.0,0.0,2.28991259
14678632,0,1,1,0,1,1,1,1,1,1,1,1,1,1,0,1,0,0,1,1,0,1,0,0,0,0.0,0.0,0.0,0.0,0.0,0.0,2.28989755
14676504,0,1,1,0,1,1,1,1,1,1,1,1,1,0,0,1,0,0,0,0,1,1,0,0,0,0.0,0.0,0.0,0.0,0.0,0.0,2.2898473800000003
10482252,0,1,0,0,1,1,1,1,1,1,1,1,1,0,0,1,0,0,1,0,0,1,1,0,0,0.0,0.0,0.0,0.0,0.0,0.0,2.2897320500000005
9425528,0,1,0,0,0,1,1,1,1,1,1,0,1,0,0,1,0,0,1,1,1,1,0,0,0,0.0,0.0,0.0,0.0,0.0,0.0,2.2894515200000005
9427584,0,1,0,0,0,1,1,1,1,1,1,0,1,1,0,1,0,1,0,0,0,0,0,0,0,0.0,0.0,0.0,0.0,0.0,0.0,2.2886608999999996
14668312,0,1,1,0,1,1,1,1,1,1,1,0,1,0,0,1,0,0,0,0,1,1,0,0,0,0.0,0.0,0.0,0.0,0.0,0.0,2.2882553499999996
9433656,0,1,0,0,0,1,1,1,1,1,1,1,1,0,0,1,0,0,0,1,1,1,0,0,0,0.0,0.0,0.0,0.0,0.0,0.0,2.28791816
9433648,0,1,0,0,0,1,1,1,1,1,1,1,1,0,0,1,0,0,0,1,1,0,0,0,0,0.0,0.0,0.0,0.0,0.0,0.0,2.28775172
32496128,1,1,1,1,0,1,1,1,1,1,1,0,1,1,0,1,0,0,0,0,0,0,0,0,0,0.0,0.0,0.0,0.0,0.0,0.0,2.2876875900000004
10474160,0,1,0,0,1,1,1,1,1,1,1,0,1,0,0,1,0,1,0,1,1,0,0,0,0,0.0,0.0,0.0,0.0,0.0,0.0,2.2874240799999996
12581384,0,1,0,1,1,1,1,1,1,1,1,1,1,1,0,1,0,0,0,0,0,1,0,0,0,0.0,0.0,0.0,0.0,0.0,0.0,2.2873009
29356544,1,1,0,1,1,1,1,1,1,1,1,1,1,0,0,1,0,0,0,0,0,0,0,0,0,0.0,0.0,0.0,0.0,0.0,0.0,2.2872077
27261504,1,1,0,0,1,1,1,1,1,1,1,1,1,1,0,1,0,0,1,0,0,0,0,0,0,0.0,0.0,0.0,0.0,0.0,0.0,2.28687867
9425496,0,1,0,0,0,1,1,1,1,1,1,0,1,0,0,1,0,0,1,0,1,1,0,0,0,0.0,0.0,0.0,0.0,0.0,0.0,2.2867043000000002
33550912,1,1,1,1,1,1,1,1,1,1,1,1,1,0,0,1,0,0,1,0,0,0,0,0,0,0.0,0.0,0.0,0.0,0.0,0.0,2.2866849599999997
31445536,1,1,1,0,1,1,1,1,1,1,1,0,1,0,0,1,0,0,0,1,0,0,0,0,0,0.0,0.0,0.0,0.0,0.0,0.0,2.28601498
27251304,1,1,0,0,1,1,1,1,1,1,1,0,1,0,0,1,0,0,1,1,0,1,0,0,0,0.0,0.0,0.0,0.0,0.0,0.0,2.2856062999999995
12571200,0,1,0,1,1,1,1,1,1,1,1,0,1,0,0,1,0,0,1,0,0,0,0,0,0,0.0,0.0,0.0,0.0,0.0,0.0,2.2853904
9425536,0,1,0,0,0,1,1,1,1,1,1,0,1,0,0,1,0,1,0,0,0,0,0,0,0,0.0,0.0,0.0,0.0,0.0,0.0,2.2852432800000004
9435704,0,1,0,0,0,1,1,1,1,1,1,1,1,1,0,1,0,0,0,1,1,1,0,0,0,0.0,0.0,0.0,0.0,0.0,0.0,2.2849600600000004
9957888,0,1,0,0,1,0,1,1,1,1,1,1,1,0,0,1,0,0,0,0,0,0,0,0,0,0.0,0.0,0.0,0.0,0.0,0.0,2.2840400899999995
10484400,0,1,0,0,1,1,1,1,1,1,1,1,1,1,0,1,0,1,0,1,1,0,0,0,0,0.0,0.0,0.0,0.0,0.0,0.0,2.28386545
12571144,0,1,0,1,1,1,1,1,1,1,1,0,1,0,0,1,0,0,0,0,0,1,0,0,0,0.0,0.0,0.0,0.0,0.0,0.0,2.28382777
31453728,1,1,1,0,1,1,1,1,1,1,1,1,1,0,0,1,0,0,0,1,0,0,0,0,0,0.0,0.0,0.0,0.0,0.0,0.0,2.28345536
14668392,0,1,1,0,1,1,1,1,1,1,1,0,1,0,0,1,0,0,1,1,0,1,0,0,0,0.0,0.0,0.0,0.0,0.0,0.0,2.28334174
16767584,0,1,1,1,1,1,1,1,1,1,1,0,1,1,0,1,0,0,1,1,0,0,0,0,0,0.0,0.0,0.0,0.0,0.0,0.0,2.2829085299999994
16773640,0,1,1,1,1,1,1,1,1,1,1,1,1,0,0,1,0,0,0,0,0,1,0,0,0,0.0,0.0,0.0,0.0,0.0,0.0,2.2828958100000003
18864640,1,0,0,0,1,1,1,1,1,1,1,0,1,1,0,1,0,0,0,0,0,0,0,0,0,0.0,0.0,0.0,0.0,0.0,0.0,2.2824551000000004
9425448,0,1,0,0,0,1,1,1,1,1,1,0,1,0,0,1,0,0,0,1,0,1,0,0,0,0.0,0.0,0.0,0.0,0.0,0.0,2.28181768
12579336,0,1,0,1,1,1,1,1,1,1,1,1,1,0,0,1,0,0,0,0,0,1,0,0,0,0.0,0.0,0.0,0.0,0.0,0.0,2.2818172
16767552,0,1,1,1,1,1,1,1,1,1,1,0,1,1,0,1,0,0,1,0,0,0,0,0,0,0.0,0.0,0.0,0.0,0.0,0.0,2.28132778
9949696,0,1,0,0,1,0,1,1,1,1,1,0,1,0,0,1,0,0,0,0,0,0,0,0,0,0.0,0.0,0.0,0.0,0.0,0.0,2.27959653
14678576,0,1,1,0,1,1,1,1,1,1,1,1,1,1,0,1,0,0,0,1,1,0,0,0,0,0.0,0.0,0.0,0.0,0.0,0.0,2.27926062
9433728,0,1,0,0,0,1,1,1,1,1,1,1,1,0,0,1,0,1,0,0,0,0,0,0,0,0.0,0.0,0.0,0.0,0.0,0.0,2.2789586299999995
14668328,0,1,1,0,1,1,1,1,1,1,1,0,1,0,0,1,0,0,0,1,0,1,0,0,0,0.0,0.0,0.0,0.0,0.0,0.0,2.27883774
9411072,0,1,0,0,0,1,1,1,1,1,0,0,1,1,0,1,0,0,0,0,0,0,0,0,0,0.0,0.0,0.0,0.0,0.0,0.0,2.27872677
10484392,0,1,0,0,1,1,1,1,1,1,1,1,1,1,0,1,0,1,0,1,0,1,0,0,0,0.0,0.0,0.0,0.0,0.0,0.0,2.27843476
27259400,1,1,0,0,1,1,1,1,1,1,1,1,1,0,0,1,0,0,0,0,0,1,0,0,0,0.0,0.0,0.0,0.0,0.0,0.0,2.2784213
29358592,1,1,0,1,1,1,1,1,1,1,1,1,1,1,0,1,0,0,0,0,0,0,0,0,0,0.0,0.0,0.0,0.0,0.0,0.0,2.2783911999999997
27253344,1,1,0,0,1,1,1,1,1,1,1,0,1,1,0,1,0,0,1,1,0,0,0,0,0,0.0,0.0,0.0,0.0,0.0,0.0,2.27825849
31453760,1,1,1,0,1,1,1,1,1,1,1,1,1,0,0,1,0,0,1,0,0,0,0,0,0,0.0,0.0,0.0,0.0,0.0,0.0,2.27821476
10484408,0,1,0,0,1,1,1,1,1,1,1,1,1,1,0,1,0,1,0,1,1,1,0,0,0,0.0,0.0,0.0,0.0,0.0,0.0,2.27727063
9959936,0,1,0,0,1,0,1,1,1,1,1,1,1,1,0,1,0,0,0,0,0,0,0,0,0,0.0,0.0,0.0,0.0,0.0,0.0,2.2771713699999996
10474013,0,1,0,0,1,1,1,1,1,1,1,0,1,0,0,1,0,0,0,0,1,1,1,0,1,0.0,0.0,0.0,0.0,0.0,0.0,2.27662442
10473997,0,1,0,0,1,1,1,1,1,1,1,0,1,0,0,1,0,0,0,0,0,1,1,0,1,0.0,0.0,0.0,0.0,0.0,0.0,2.2756725500000003
10484333,0,1,0,0,1,1,1,1,1,1,1,1,1,1,0,1,0,0,1,1,0,1,1,0,1,0.0,0.0,0.0,0.0,0.0,0.0,2.27514824
14676520,0,1,1,0,1,1,1,1,1,1,1,1,1,0,0,1,0,0,0,1,0,1,0,0,0,0.0,0.0,0.0,0.0,0.0,0.0,2.27489583
14678584,0,1,1,0,1,1,1,1,1,1,1,1,1,1,0,1,0,0,0,1,1,1,0,0,0,0.0,0.0,0.0,0.0,0.0,0.0,2.2744631400000004
33550880,1,1,1,1,1,1,1,1,1,1,1,1,1,0,0,1,0,0,0,1,0,0,0,0,0,0.0,0.0,0.0,0.0,0.0,0.0,2.27433041
10476112,0,1,0,0,1,1,1,1,1,1,1,0,1,1,0,1,0,0,1,0,1,0,0,0,0,0.0,0.0,0.0,0.0,0.0,0.0,2.27426275
2087424,0,0,0,0,1,1,1,1,1,1,1,0,1,1,0,1,0,0,0,0,0,0,0,0,0,0.0,0.0,0.0,0.0,0.0,0.0,2.27339568
14676584,0,1,1,0,1,1,1,1,1,1,1,1,1,0,0,1,0,0,1,1,0,1,0,0,0,0.0,0.0,0.0,0.0,0.0,0.0,2.27317191
14678568,0,1,1,0,1,1,1,1,1,1,1,1,1,1,0,1,0,0,0,1,0,1,0,0,0,0.0,0.0,0.0,0.0,0.0,0.0,2.2730202299999998
10474152,0,1,0,0,1,1,1,1,1,1,1,0,1,0,0,1,0,1,0,1,0,1,0,0,0,0.0,0.0,0.0,0.0,0.0,0.0,2.2728235999999997
31445512,1,1,1,0,1,1,1,1,1,1,1,0,1,0,0,1,0,0,0,0,0,1,0,0,0,0.0,0.0,0.0,0.0,0.0,0.0,2.27278254
27261448,1,1,0,0,1,1,1,1,1,1,1,1,1,1,0,1,0,0,0,0,0,1,0,0,0,0.0,0.0,0.0,0.0,0.0,0.0,2.27260394
10484237,0,1,0,0,1,1,1,1,1,1,1,1,1,1,0,1,0,0,0,0,0,1,1,0,1,0.0,0.0,0.0,0.0,0.0,0.0,2.2723501500000003
14670344,0,1,1,0,1,1,1,1,1,1,1,0,1,1,0,1,0,0,0,0,0,1,0,0,0,0.0,0.0,0.0,0.0,0.0,0.0,2.2720412499999996
31445560,1,1,1,0,1,1,1,1,1,1,1,0,1,0,0,1,0,0,0,1,1,1,0,0,0,0.0,0.0,0.0,0.0,0.0,0.0,2.2718794500000006
33542752,1,1,1,1,1,1,1,1,1,1,1,0,1,0,0,1,0,0,1,1,0,0,0,0,0,0.0,0.0,0.0,0.0,0.0,0.0,2.27138026
9435736,0,1,0,0,0,1,1,1,1,1,1,1,1,1,0,1,0,0,1,0,1,1,0,0,0,0.0,0.0,0.0,0.0,0.0,0.0,2.27110449
10473999,0,1,0,0,1,1,1,1,1,1,1,0,1,0,0,1,0,0,0,0,0,1,1,1,1,0.0,0.0,0.0,0.0,0.0,0.0,2.2705510299999996
10474109,0,1,0,0,1,1,1,1,1,1,1,0,1,0,0,1,0,0,1,1,1,1,1,0,1,0.0,0.0,0.0,0.0,0.0,0.0,2.2687997699999998
10482239,0,1,0,0,1,1,1,1,1,1,1,1,1,0,0,1,0,0,0,1,1,1,1,1,1,0.0,0.0,0.0,0.0,0.0,0.0,2.26856758
27251288,1,1,0,0,1,1,1,1,1,1,1,0,1,0,0,1,0,0,1,0,1,1,0,0,0,0.0,0.0,0.0,0.0,0.0,0.0,2.26852457
10476124,0,1,0,0,1,1,1,1,1,1,1,0,1,1,0,1,0,0,1,0,1,1,1,0,0,0.0,0.0,0.0,0.0,0.0,0.0,2.2681185200000002
14668336,0,1,1,0,1,1,1,1,1,1,1,0,1,0,0,1,0,0,0,1,1,0,0,0,0,0.0,0.0,0.0,0.0,0.0,0.0,2.26798061
14668408,0,1,1,0,1,1,1,1,1,1,1,0,1,0,0,1,0,0,1,1,1,1,0,0,0,0.0,0.0,0.0,0.0,0.0,0.0,2.2678304700000003
10484376,0,1,0,0,1,1,1,1,1,1,1,1,1,1,0,1,0,1,0,0,1,1,0,0,0,0.0,0.0,0.0,0.0,0.0,0.0,2.2677307099999995
9433688,0,1,0,0,0,1,1,1,1,1,1,1,1,0,0,1,0,0,1,0,1,1,0,0,0,0.0,0.0,0.0,0.0,0.0,0.0,2.2676400799999996
14678616,0,1,1,0,1,1,1,1,1,1,1,1,1,1,0,1,0,0,1,0,1,1,0,0,0,0.0,0.0,0.0,0.0,0.0,0.0,2.26761233
28299776,1,1,0,1,0,1,1,1,1,1,1,0,1,0,0,1,0,0,0,0,0,0,0,0,0,0.0,0.0,0.0,0.0,0.0,0.0,2.2675247
16775728,0,1,1,1,1,1,1,1,1,1,1,1,1,1,0,1,0,0,0,1,1,0,0,0,0,0.0,0.0,0.0,0.0,0.0,0.0,2.2674616600000004
14676536,0,1,1,0,1,1,1,1,1,1,1,1,1,0,0,1,0,0,0,1,1,1,0,0,0,0.0,0.0,0.0,0.0,0.0,0.0,2.2667677
27251320,1,1,0,0,1,1,1,1,1,1,1,0,1,0,0,1,0,0,1,1,1,1,0,0,0,0.0,0.0,0.0,0.0,0.0,0.0,2.26673071
10482352,0,1,0,0,1,1,1,1,1,1,1,1,1,0,0,1,0,1,0,1,1,0,0,0,0,0.0,0.0,0.0,0.0,0.0,0.0,2.2666893
10474093,0,1,0,0,1,1,1,1,1,1,1,0,1,0,0,1,0,0,1,1,0,1,1,0,1,0.0,0.0,0.0,0.0,0.0,0.0,2.2665181399999996
16775808,0,1,1,1,1,1,1,1,1,1,1,1,1,1,0,1,0,1,0,0,0,0,0,0,0,0.0,0.0,0.0,0.0,0.0,0.0,2.26631488
9968128,0,1,0,0,1,1,0,0,0,0,0,0,1,1,0,1,0,0,0,0,0,0,0,0,0,0.0,0.0,0.0,0.0,0.0,0.0,2.26532287
10482189,0,1,0,0,1,1,1,1,1,1,1,1,1,0,0,1,0,0,0,0,0,1,1,0,1,0.0,0.0,0.0,0.0,0.0,0.0,2.2652587200000003
14668376,0,1,1,0,1,1,1,1,1,1,1,0,1,0,0,1,0,0,1,0,1,1,0,0,0,0.0,0.0,0.0,0.0,0.0,0.0,2.2652582299999997
33542688,1,1,1,1,1,1,1,1,1,1,1,0,1,0,0,1,0,0,0,1,0,0,0,0,0,0.0,0.0,0.0,0.0,0.0,0.0,2.2645093099999998
31445568,1,1,1,0,1,1,1,1,1,1,1,0,1,0,0,1,0,0,1,0,0,0,0,0,0,0.0,0.0,0.0,0.0,0.0,0.0,2.2644573200000004
16765448,0,1,1,1,1,1,1,1,1,1,1,0,1,0,0,1,0,0,0,0,0,1,0,0,0,0.0,0.0,0.0,0.0,0.0,0.0,2.26410209
10482344,0,1,0,0,1,1,1,1,1,1,1,1,1,0,0,1,0,1,0,1,0,1,0,0,0,0.0,0.0,0.0,0.0,0.0,0.0,2.2640439399999996
16775784,0,1,1,1,1,1,1,1,1,1,1,1,1,1,0,1,0,0,1,1,0,1,0,0,0,0.0,0.0,0.0,0.0,0.0,0.0,2.26363439
12581424,0,1,0,1,1,1,1,1,1,1,1,1,1,1,0,1,0,0,0,1,1,0,0,0,0,0.0,0.0,0.0,0.0,0.0,0.0,2.26362422
27251240,1,1,0,0,1,1,1,1,1,1,1,0,1,0,0,1,0,0,0,1,0,1,0,0,0,0.0,0.0,0.0,0.0,0.0,0.0,2.26280687
10476095,0,1,0,0,1,1,1,1,1,1,1,0,1,1,0,1,0,0,0,1,1,1,1,1,1,0.0,0.0,0.0,0.0,0.0,0.0,2.2622335899999997
14678656,0,1,1,0,1,1,1,1,1,1,1,1,1,1,0,1,0,1,0,0,0,0,0,0,0,0.0,0.0,0.0,0.0,0.0,0.0,2.26219477
31445528,1,1,1,0,1,1,1,1,1,1,1,0,1,0,0,1,0,0,0,0,1,1,0,0,0,0.0,0.0,0.0,0.0,0.0,0.0,2.2616891499999996
33542720,1,1,1,1,1,1,1,1,1,1,1,0,1,0,0,1,0,0,1,0,0,0,0,0,0,0.0,0.0,0.0,0.0,0.0,0.0,2.2612631899999998
10484269,0,1,0,0,1,1,1,1,1,1,1,1,1,1,0,1,0,0,0,1,0,1,1,0,1,0.0,0.0,0.0,0.0,0.0,0.0,2.26120782
31455752,1,1,1,0,1,1,1,1,1,1,1,1,1,1,0,1,0,0,0,0,0,1,0,0,0,0.0,0.0,0.0,0.0,0.0,0.0,2.2608666400000006
9435760,0,1,0,0,0,1,1,1,1,1,1,1,1,1,0,1,0,0,1,1,1,0,0,0,0,0.0,0.0,0.0,0.0,0.0,0.0,2.26081656
10484287,0,1,0,0,1,1,1,1,1,1,1,1,1,1,0,1,0,0,0,1,1,1,1,1,1,0.0,0.0,0.0,0.0,0.0,0.0,2.26070869
9427512,0,1,0,0,0,1,1,1,1,1,1,0,1,1,0,1,0,0,0,1,1,1,0,0,0,0.0,0.0,0.0,0.0,0.0,0.0,2.2603609899999997
9425520,0,1,0,0,0,1,1,1,1,1,1,0,1,0,0,1,0,0,1,1,1,0,0,0,0,0.0,0.0,0.0,0.0,0.0,0.0,2.2603200699999997
12573280,0,1,0,1,1,1,1,1,1,1,1,0,1,1,0,1,0,0,1,1,0,0,0,0,0,0.0,0.0,0.0,0.0,0.0,0.0,2.25998037
10482360,0,1,0,0,1,1,1,1,1,1,1,1,1,0,0,1,0,1,0,1,1,1,0,0,0,0.0,0.0,0.0,0.0,0.0,0.0,2.25994655
9433720,0,1,0,0,0,1,1,1,1,1,1,1,1,0,0,1,0,0,1,1,1,1,0,0,0,0.0,0.0,0.0,0.0,0.0,0.0,2.25987698
16775704,0,1,1,1,1,1,1,1,1,1,1,1,1,1,0,1,0,0,0,0,1,1,0,0,0,0.0,0.0,0.0,0.0,0.0,0.0,2.2598576599999998
10474079,0,1,0,0,1,1,1,1,1,1,1,0,1,0,0,1,0,0,1,0,1,1,1,1,1,0.0,0.0,0.0,0.0,0.0,0.0,2.2597139200000003
9951744,0,1,0,0,1,0,1,1,1,1,1,0,1,1,0,1,0,0,0,0,0,0,0,0,0,0.0,0.0,0.0,0.0,0.0,0.0,2.2595129999999997
31447648,1,1,1,0,1,1,1,1,1,1,1,0,1,1,0,1,0,0,1,1,0,0,0,0,0,0.0,0.0,0.0,0.0,0.0,0.0,2.2592757299999997
11532896,0,1,0,1,0,1,1,1,1,1,1,1,1,1,0,1,0,0,1,1,0,0,0,0,0,0.0,0.0,0.0,0.0,0.0,0.0,2.25912122
10484360,0,1,0,0,1,1,1,1,1,1,1,1,1,1,0,1,0,1,0,0,0,1,0,0,0,0.0,0.0,0.0,0.0,0.0,0.0,2.2588854999999994
13619808,0,1,1,0,0,1,1,1,1,1,1,0,1,0,0,1,0,0,1,1,0,0,0,0,0,0.0,0.0,0.0,0.0,0.0,0.0,2.25857638
14676528,0,1,1,0,1,1,1,1,1,1,1,1,1,0,0,1,0,0,0,1,1,0,0,0,0,0.0,0.0,0.0,0.0,0.0,0.0,2.2574340399999997
9427480,0,1,0,0,0,1,1,1,1,1,1,0,1,1,0,1,0,0,0,0,1,1,0,0,0,0.0,0.0,0.0,0.0,0.0,0.0,2.25730222
10482191,0,1,0,0,1,1,1,1,1,1,1,1,1,0,0,1,0,0,0,0,0,1,1,1,1,0.0,0.0,0.0,0.0,0.0,0.0,2.2569883600000002
14668416,0,1,1,0,1,1,1,1,1,1,1,0,1,0,0,1,0,1,0,0,0,0,0,0,0,0.0,0.0,0.0,0.0,0.0,0.0,2.2567210500000003
14676568,0,1,1,0,1,1,1,1,1,1,1,1,1,0,0,1,0,0,1,0,1,1,0,0,0,0.0,0.0,0.0,0.0,0.0,0.0,2.2564483799999997
12581400,0,1,0,1,1,1,1,1,1,1,1,1,1,1,0,1,0,0,0,0,1,1,0,0,0,0.0,0.0,0.0,0.0,0.0,0.0,2.25638167
10474029,0,1,0,0,1,1,1,1,1,1,1,0,1,0,0,1,0,0,0,1,0,1,1,0,1,0.0,0.0,0.0,0.0,0.0,0.0,2.2562995999999997
10484239,0,1,0,0,1,1,1,1,1,1,1,1,1,1,0,1,0,0,0,0,0,1,1,1,1,0.0,0.0,0.0,0.0,0.0,0.0,2.2561891199999997
10474136,0,1,0,0,1,1,1,1,1,1,1,0,1,0,0,1,0,1,0,0,1,1,0,0,0,0.0,0.0,0.0,0.0,0.0,0.0,2.2561694500000002
27251260,1,1,0,0,1,1,1,1,1,1,1,0,1,0,0,1,0,0,0,1,1,1,1,0,0,0.0,0.0,0.0,0.0,0.0,0.0,2.2561384500000004
27259416,1,1,0,0,1,1,1,1,1,1,1,1,1,0,0,1,0,0,0,0,1,1,0,0,0,0.0,0.0,0.0,0.0,0.0,0.0,2.2561329900000002
13619744,0,1,1,0,0,1,1,1,1,1,1,0,1,0,0,1,0,0,0,1,0,0,0,0,0,0.0,0.0,0.0,0.0,0.0,0.0,2.2558730500000004
10476216,0,1,0,0,1,1,1,1,1,1,1,0,1,1,0,1,0,1,0,1,1,1,0,0,0,0.0,0.0,0.0,0.0,0.0,0.0,2.2556438300000003
27253280,1,1,0,0,1,1,1,1,1,1,1,0,1,1,0,1,0,0,0,1,0,0,0,0,0,0.0,0.0,0.0,0.0,0.0,0.0,2.2555978100000003
10471936,0,1,0,0,1,1,1,1,1,1,1,0,0,1,0,1,0,0,0,0,0,0,0,0,0,0.0,0.0,0.0,0.0,0.0,0.0,2.25537922
10474077,0,1,0,0,1,1,1,1,1,1,1,0,1,0,0,1,0,0,1,0,1,1,1,0,1,0.0,0.0,0.0,0.0,0.0,0.0,2.2545740000000003
9435768,0,1,0,0,0,1,1,1,1,1,1,1,1,1,0,1,0,0,1,1,1,1,0,0,0,0.0,0.0,0.0,0.0,0.0,0.0,2.25431599
10476159,0,1,0,0,1,1,1,1,1,1,1,0,1,1,0,1,0,0,1,1,1,1,1,1,1,0.0,0.0,0.0,0.0,0.0,0.0,2.25391899
10482285,0,1,0,0,1,1,1,1,1,1,1,1,1,0,0,1,0,0,1,1,0,1,1,0,1,0.0,0.0,0.0,0.0,0.0,0.0,2.2536313100000003
31453704,1,1,1,0,1,1,1,1,1,1,1,1,1,0,0,1,0,0,0,0,0,1,0,0,0,0.0,0.0,0.0,0.0,0.0,0.0,2.2534016899999996
9435720,0,1,0,0,0,1,1,1,1,1,1,1,1,1,0,1,0,0,1,0,0,1,0,0,0,0.0,0.0,0.0,0.0,0.0,0.0,2.25292594
27261544,1,1,0,0,1,1,1,1,1,1,1,1,1,1,0,1,0,0,1,1,0,1,0,0,0,0.0,0.0,0.0,0.0,0.0,0.0,2.2529213
9427504,0,1,0,0,0,1,1,1,1,1,1,0,1,1,0,1,0,0,0,1,1,0,0,0,0,0.0,0.0,0.0,0.0,0.0,0.0,2.2528844099999996
12573216,0,1,0,1,1,1,1,1,1,1,1,0,1,1,0,1,0,0,0,1,0,0,0,0,0,0.0,0.0,0.0,0.0,0.0,0.0,2.25285314
27259440,1,1,0,0,1,1,1,1,1,1,1,1,1,0,0,1,0,0,0,1,1,0,0,0,0,0.0,0.0,0.0,0.0,0.0,0.0,2.25246742
10482237,0,1,0,0,1,1,1,1,1,1,1,1,1,0,0,1,0,0,0,1,1,1,1,0,1,0.0,0.0,0.0,0.0,0.0,0.0,2.2523446299999996
27259448,1,1,0,0,1,1,1,1,1,1,1,1,1,0,0,1,0,0,0,1,1,1,0,0,0,0.0,0.0,0.0,0.0,0.0,0.0,2.25219907
10484416,0,1,0,0,1,1,1,1,1,1,1,1,1,1,0,1,0,1,1,0,0,0,0,0,0,0.0,0.0,0.0,0.0,0.0,0.0,2.2515203999999995
16773760,0,1,1,1,1,1,1,1,1,1,1,1,1,0,0,1,0,1,0,0,0,0,0,0,0,0.0,0.0,0.0,0.0,0.0,0.0,2.2512571200000004
10482207,0,1,0,0,1,1,1,1,1,1,1,1,1,0,0,1,0,0,0,0,1,1,1,1,1,0.0,0.0,0.0,0.0,0.0,0.0,2.25089449
27261464,1,1,0,0,1,1,1,1,1,1,1,1,1,1,0,1,0,0,0,0,1,1,0,0,0,0.0,0.0,0.0,0.0,0.0,0.0,2.2508818600000002
9409024,0,1,0,0,0,1,1,1,1,1,0,0,1,0,0,1,0,0,0,0,0,0,0,0,0,0.0,0.0,0.0,0.0,0.0,0.0,2.2508318899999997
9425424,0,1,0,0,0,1,1,1,1,1,1,0,1,0,0,1,0,0,0,0,1,0,0,0,0,0.0,0.0,0.0,0.0,0.0,0.0,2.25073765
27259496,1,1,0,0,1,1,1,1,1,1,1,1,1,0,0,1,0,0,1,1,0,1,0,0,0,0.0,0.0,0.0,0.0,0.0,0.0,2.2506774500000004
10482221,0,1,0,0,1,1,1,1,1,1,1,1,1,0,0,1,0,0,0,1,0,1,1,0,1,0.0,0.0,0.0,0.0,0.0,0.0,2.25067092
10467840,0,1,0,0,1,1,1,1,1,1,0,1,1,1,0,1,0,0,0,0,0,0,0,0,0,0.0,0.0,0.0,0.0,0.0,0.0,2.25010596
9435664,0,1,0,0,0,1,1,1,1,1,1,1,1,1,0,1,0,0,0,0,1,0,0,0,0,0.0,0.0,0.0,0.0,0.0,0.0,2.25009705
16775720,0,1,1,1,1,1,1,1,1,1,1,1,1,1,0,1,0,0,0,1,0,1,0,0,0,0.0,0.0,0.0,0.0,0.0,0.0,2.24992773
12579352,0,1,0,1,1,1,1,1,1,1,1,1,1,0,0,1,0,0,0,0,1,1,0,0,0,0.0,0.0,0.0,0.0,0.0,0.0,2.24978996
27261488,1,1,0,0,1,1,1,1,1,1,1,1,1,1,0,1,0,0,0,1,1,0,0,0,0,0.0,0.0,0.0,0.0,0.0,0.0,2.24906853
14678640,0,1,1,0,1,1,1,1,1,1,1,1,1,1,0,1,0,0,1,1,1,0,0,0,0,0.0,0.0,0.0,0.0,0.0,0.0,2.2485968400000003
31455848,1,1,1,0,1,1,1,1,1,1,1,1,1,1,0,1,0,0,1,1,0,1,0,0,0,0.0,0.0,0.0,0.0,0.0,0.0,2.24856874
10484285,0,1,0,0,1,1,1,1,1,1,1,1,1,1,0,1,0,0,0,1,1,1,1,0,1,0.0,0.0,0.0,0.0,0.0,0.0,2.2481551699999995
12581480,0,1,0,1,1,1,1,1,1,1,1,1,1,1,0,1,0,0,1,1,0,1,0,0,0,0.0,0.0,0.0,0.0,0.0,0.0,2.24809621
9433712,0,1,0,0,0,1,1,1,1,1,1,1,1,0,0,1,0,0,1,1,1,0,0,0,0,0.0,0.0,0.0,0.0,0.0,0.0,2.2480937699999997
10476076,0,1,0,0,1,1,1,1,1,1,1,0,1,1,0,1,0,0,0,1,0,1,1,0,0,0.0,0.0,0.0,0.0,0.0,0.0,2.24806414
31445608,1,1,1,0,1,1,1,1,1,1,1,0,1,0,0,1,0,0,1,1,0,1,0,0,0,0.0,0.0,0.0,0.0,0.0,0.0,2.24798296
14676608,0,1,1,0,1,1,1,1,1,1,1,1,1,0,0,1,0,1,0,0,0,0,0,0,0,0.0,0.0,0.0,0.0,0.0,0.0,2.24792973
9433616,0,1,0,0,0,1,1,1,1,1,1,1,1,0,0,1,0,0,0,0,1,0,0,0,0,0.0,0.0,0.0,0.0,0.0,0.0,2.2476776899999997
14678540,0,1,1,0,1,1,1,1,1,1,1,1,1,1,0,1,0,0,0,0,0,1,1,0,0,0.0,0.0,0.0,0.0,0.0,0.0,2.2476517400000002
14670392,0,1,1,0,1,1,1,1,1,1,1,0,1,1,0,1,0,0,0,1,1,1,0,0,0,0.0,0.0,0.0,0.0,0.0,0.0,2.24726829
11530848,0,1,0,1,0,1,1,1,1,1,1,1,1,0,0,1,0,0,1,1,0,0,0,0,0,0.0,0.0,0.0,0.0,0.0,0.0,2.24718377
13630048,0,1,1,0,0,1,1,1,1,1,1,1,1,1,0,1,0,0,1,1,0,0,0,0,0,0.0,0.0,0.0,0.0,0.0,0.0,2.24693406
14678648,0,1,1,0,1,1,1,1,1,1,1,1,1,1,0,1,0,0,1,1,1,1,0,0,0,0.0,0.0,0.0,0.0,0.0,0.0,2.24689184
16773736,0,1,1,1,1,1,1,1,1,1,1,1,1,0,0,1,0,0,1,1,0,1,0,0,0,0.0,0.0,0.0,0.0,0.0,0.0,2.24652946
14670360,0,1,1,0,1,1,1,1,1,1,1,0,1,1,0,1,0,0,0,0,1,1,0,0,0,0.0,0.0,0.0,0.0,0.0,0.0,2.24598809
9427576,0,1,0,0,0,1,1,1,1,1,1,0,1,1,0,1,0,0,1,1,1,1,0,0,0,0.0,0.0,0.0,0.0,0.0,0.0,2.2455229099999996
28307968,1,1,0,1,0,1,1,1,1,1,1,1,1,0,0,1,0,0,0,0,0,0,0,0,0,0.0,0.0,0.0,0.0,0.0,0.0,2.2455218699999997
27261496,1,1,0,0,1,1,1,1,1,1,1,1,1,1,0,1,0,0,0,1,1,1,0,0,0,0.0,0.0,0.0,0.0,0.0,0.0,2.2452309500000003
33544736,1,1,1,1,1,1,1,1,1,1,1,0,1,1,0,1,0,0,0,1,0,0,0,0,0,0.0,0.0,0.0,0.0,0.0,0.0,2.2450196499999997
14676492,0,1,1,0,1,1,1,1,1,1,1,1,1,0,0,1,0,0,0,0,0,1,1,0,0,0.0,0.0,0.0,0.0,0.0,0.0,2.24489802
16773656,0,1,1,1,1,1,1,1,1,1,1,1,1,0,0,1,0,0,0,0,1,1,0,0,0,0.0,0.0,0.0,0.0,0.0,0.0,2.2447951699999997
14668348,0,1,1,0,1,1,1,1,1,1,1,0,1,0,0,1,0,0,0,1,1,1,1,0,0,0.0,0.0,0.0,0.0,0.0,0.0,2.2440988600000003
9435808,0,1,0,0,0,1,1,1,1,1,1,1,1,1,0,1,0,1,0,1,0,0,0,0,0,0.0,0.0,0.0,0.0,0.0,0.0,2.24390314
16773680,0,1,1,1,1,1,1,1,1,1,1,1,1,0,0,1,0,0,0,1,1,0,0,0,0,0.0,0.0,0.0,0.0,0.0,0.0,2.24388992
29350400,1,1,0,1,1,1,1,1,1,1,1,0,1,1,0,1,0,0,0,0,0,0,0,0,0,0.0,0.0,0.0,0.0,0.0,0.0,2.2437490699999993
33544800,1,1,1,1,1,1,1,1,1,1,1,0,1,1,0,1,0,0,1,1,0,0,0,0,0,0.0,0.0,0.0,0.0,0.0,0.0,2.2437365399999996
10484317,0,1,0,0,1,1,1,1,1,1,1,1,1,1,0,1,0,0,1,0,1,1,1,0,1,0.0,0.0,0.0,0.0,0.0,0.0,2.2436333700000004
10476208,0,1,0,0,1,1,1,1,1,1,1,0,1,1,0,1,0,1,0,1,1,0,0,0,0,0.0,0.0,0.0,0.0,0.0,0.0,2.24362124
33552904,1,1,1,1,1,1,1,1,1,1,1,1,1,1,0,1,0,0,0,0,0,1,0,0,0,0.0,0.0,0.0,0.0,0.0,0.0,2.24354525
10474120,0,1,0,0,1,1,1,1,1,1,1,0,1,0,0,1,0,1,0,0,0,1,0,0,0,0.0,0.0,0.0,0.0,0.0,0.0,2.2427977100000005
10482328,0,1,0,0,1,1,1,1,1,1,1,1,1,0,0,1,0,1,0,0,1,1,0,0,0,0.0,0.0,0.0,0.0,0.0,0.0,2.2424236100000003
31445624,1,1,1,0,1,1,1,1,1,1,1,0,1,0,0,1,0,0,1,1,1,1,0,0,0,0.0,0.0,0.0,0.0,0.0,0.0,2.24235323
9425468,0,1,0,0,0,1,1,1,1,1,1,0,1,0,0,1,0,0,0,1,1,1,1,0,0,0.0,0.0,0.0,0.0,0.0,0.0,2.24226085
10482312,0,1,0,0,1,1,1,1,1,1,1,1,1,0,0,1,0,1,0,0,0,1,0,0,0,0.0,0.0,0.0,0.0,0.0,0.0,2.2419375799999997
4190720,0,0,0,1,1,1,1,1,1,1,1,1,1,0,0,1,0,0,0,0,0,0,0,0,0,0.0,0.0,0.0,0.0,0.0,0.0,2.24185687
11532832,0,1,0,1,0,1,1,1,1,1,1,1,1,1,0,1,0,0,0,1,0,0,0,0,0,0.0,0.0,0.0,0.0,0.0,0.0,2.2417665799999997
12571160,0,1,0,1,1,1,1,1,1,1,1,0,1,0,0,1,0,0,0,0,1,1,0,0,0,0.0,0.0,0.0,0.0,0.0,0.0,2.2416575199999995
31455768,1,1,1,0,1,1,1,1,1,1,1,1,1,1,0,1,0,0,0,0,1,1,0,0,0,0.0,0.0,0.0,0.0,0.0,0.0,2.2415152899999997
13628000,0,1,1,0,0,1,1,1,1,1,1,1,1,0,0,1,0,0,1,1,0,0,0,0,0,0.0,0.0,0.0,0.0,0.0,0.0,2.2414018099999997
10484255,0,1,0,0,1,1,1,1,1,1,1,1,1,1,0,1,0,0,0,0,1,1,1,1,1,0.0,0.0,0.0,0.0,0.0,0.0,2.2413145500000002
14670464,0,1,1,0,1,1,1,1,1,1,1,0,1,1,0,1,0,1,0,0,0,0,0,0,0,0.0,0.0,0.0,0.0,0.0,0.0,2.2412072500000004
4182528,0,0,0,1,1,1,1,1,1,1,1,0,1,0,0,1,0,0,0,0,0,0,0,0,0,0.0,0.0,0.0,0.0,0.0,0.0,2.2411984899999995
17822208,1,0,0,0,0,1,1,1,1,1,1,1,1,0,0,1,0,0,0,0,0,0,0,0,0,0.0,0.0,0.0,0.0,0.0,0.0,2.24114014
12579376,0,1,0,1,1,1,1,1,1,1,1,1,1,0,0,1,0,0,0,1,1,0,0,0,0,0.0,0.0,0.0,0.0,0.0,0.0,2.2410644800000004
16775768,0,1,1,1,1,1,1,1,1,1,1,1,1,1,0,1,0,0,1,0,1,1,0,0,0,0.0,0.0,0.0,0.0,0.0,0.0,2.24104265
31447584,1,1,1,0,1,1,1,1,1,1,1,0,1,1,0,1,0,0,0,1,0,0,0,0,0,0.0,0.0,0.0,0.0,0.0,0.0,2.2410115
16775736,0,1,1,1,1,1,1,1,1,1,1,1,1,1,0,1,0,0,0,1,1,1,0,0,0,0.0,0.0,0.0,0.0,0.0,0.0,2.2409956099999997
10474176,0,1,0,0,1,1,1,1,1,1,1,0,1,0,0,1,0,1,1,0,0,0,0,0,0,0.0,0.0,0.0,0.0,0.0,0.0,2.2409951999999995
10484253,0,1,0,0,1,1,1,1,1,1,1,1,1,1,0,1,0,0,0,0,1,1,1,0,1,0.0,0.0,0.0,0.0,0.0,0.0,2.2405603899999997
27259480,1,1,0,0,1,1,1,1,1,1,1,1,1,0,0,1,0,0,1,0,1,1,0,0,0,0.0,0.0,0.0,0.0,0.0,0.0,2.24048971
14668316,0,1,1,0,1,1,1,1,1,1,1,0,1,0,0,1,0,0,0,0,1,1,1,0,0,0.0,0.0,0.0,0.0,0.0,0.0,2.2404358899999997
4192768,0,0,0,1,1,1,1,1,1,1,1,1,1,1,0,1,0,0,0,0,0,0,0,0,0,0.0,0.0,0.0,0.0,0.0,0.0,2.24025433
31455792,1,1,1,0,1,1,1,1,1,1,1,1,1,1,0,1,0,0,0,1,1,0,0,0,0,0.0,0.0,0.0,0.0,0.0,0.0,2.2399622799999994
27251312,1,1,0,0,1,1,1,1,1,1,1,0,1,0,0,1,0,0,1,1,1,0,0,0,0,0.0,0.0,0.0,0.0,0.0,0.0,2.2399382099999996
14653952,0,1,1,0,1,1,1,1,1,1,0,0,1,1,0,1,0,0,0,0,0,0,0,0,0,0.0,0.0,0.0,0.0,0.0,0.0,2.23987321
10476093,0,1,0,0,1,1,1,1,1,1,1,0,1,1,0,1,0,0,0,1,1,1,1,0,1,0.0,0.0,0.0,0.0,0.0,0.0,2.2396266000000002
16775696,0,1,1,1,1,1,1,1,1,1,1,1,1,1,0,1,0,0,0,0,1,0,0,0,0,0.0,0.0,0.0,0.0,0.0,0.0,2.23961623
10474172,0,1,0,0,1,1,1,1,1,1,1,0,1,0,0,1,0,1,0,1,1,1,1,0,0,0.0,0.0,0.0,0.0,0.0,0.0,2.2395917499999998
14668400,0,1,1,0,1,1,1,1,1,1,1,0,1,0,0,1,0,0,1,1,1,0,0,0,0,0.0,0.0,0.0,0.0,0.0,0.0,2.23957708
10474031,0,1,0,0,1,1,1,1,1,1,1,0,1,0,0,1,0,0,0,1,0,1,1,1,1,0.0,0.0,0.0,0.0,0.0,0.0,2.2394341800000004
10484351,0,1,0,0,1,1,1,1,1,1,1,1,1,1,0,1,0,0,1,1,1,1,1,1,1,0.0,0.0,0.0,0.0,0.0,0.0,2.23916355
12571192,0,1,0,1,1,1,1,1,1,1,1,0,1,0,0,1,0,0,0,1,1,1,0,0,0,0.0,0.0,0.0,0.0,0.0,0.0,2.2390405
16775792,0,1,1,1,1,1,1,1,1,1,1,1,1,1,0,1,0,0,1,1,1,0,0,0,0,0.0,0.0,0.0,0.0,0.0,0.0,2.2389957800000007
20967936,1,0,0,1,1,1,1,1,1,1,1,1,1,0,0,1,0,0,0,0,0,0,0,0,0,0.0,0.0,0.0,0.0,0.0,0.0,2.2388546
10478176,0,1,0,0,1,1,1,1,1,1,1,1,0,0,0,1,0,0,1,1,0,0,0,0,0,0.0,0.0,0.0,0.0,0.0,0.0,2.2387078700000003
31445552,1,1,1,0,1,1,1,1,1,1,1,0,1,0,0,1,0,0,0,1,1,0,0,0,0,0.0,0.0,0.0,0.0,0.0,0.0,2.23861897
1036800,0,0,0,0,0,1,1,1,1,1,1,0,1,0,0,1,0,0,0,0,0,0,0,0,0,0.0,0.0,0.0,0.0,0.0,0.0,2.23843073
14678544,0,1,1,0,1,1,1,1,1,1,1,1,1,1,0,1,0,0,0,0,1,0,0,0,0,0.0,0.0,0.0,0.0,0.0,0.0,2.23841098
10476140,0,1,0,0,1,1,1,1,1,1,1,0,1,1,0,1,0,0,1,1,0,1,1,0,0,0.0,0.0,0.0,0.0,0.0,0.0,2.2383824599999995
12573248,0,1,0,1,1,1,1,1,1,1,1,0,1,1,0,1,0,0,1,0,0,0,0,0,0,0.0,0.0,0.0,0.0,0.0,0.0,2.2380828100000003
14678688,0,1,1,0,1,1,1,1,1,1,1,1,1,1,0,1,0,1,0,1,0,0,0,0,0,0.0,0.0,0.0,0.0,0.0,0.0,2.2380554999999998
12581432,0,1,0,1,1,1,1,1,1,1,1,1,1,1,0,1,0,0,0,1,1,1,0,0,0,0.0,0.0,0.0,0.0,0.0,0.0,2.23786148
12579456,0,1,0,1,1,1,1,1,1,1,1,1,1,0,0,1,0,1,0,0,0,0,0,0,0,0.0,0.0,0.0,0.0,0.0,0.0,2.23767994
10482368,0,1,0,0,1,1,1,1,1,1,1,1,1,0,0,1,0,1,1,0,0,0,0,0,0,0.0,0.0,0.0,0.0,0.0,0.0,2.23761251
27253256,1,1,0,0,1,1,1,1,1,1,1,0,1,1,0,1,0,0,0,0,0,1,0,0,0,0.0,0.0,0.0,0.0,0.0,0.0,2.23757831
1044992,0,0,0,0,0,1,1,1,1,1,1,1,1,0,0,1,0,0,0,0,0,0,0,0,0,0.0,0.0,0.0,0.0,0.0,0.0,2.2375597999999997
14668300,0,1,1,0,1,1,1,1,1,1,1,0,1,0,0,1,0,0,0,0,0,1,1,0,0,0.0,0.0,0.0,0.0,0.0,0.0,2.23755905
31445544,1,1,1,0,1,1,1,1,1,1,1,0,1,0,0,1,0,0,0,1,0,1,0,0,0,0.0,0.0,0.0,0.0,0.0,0.0,2.2375518299999997
9433672,0,1,0,0,0,1,1,1,1,1,1,1,1,0,0,1,0,0,1,0,0,1,0,0,0,0.0,0.0,0.0,0.0,0.0,0.0,2.23730437
8909312,0,1,0,0,0,0,1,1,1,1,1,1,1,0,0,1,0,0,0,0,0,0,0,0,0,0.0,0.0,0.0,0.0,0.0,0.0,2.2366616299999995
31453720,1,1,1,0,1,1,1,1,1,1,1,1,1,0,0,1,0,0,0,0,1,1,0,0,0,0.0,0.0,0.0,0.0,0.0,0.0,2.2361689399999998
27261560,1,1,0,0,1,1,1,1,1,1,1,1,1,1,0,1,0,0,1,1,1,1,0,0,0,0.0,0.0,0.0,0.0,0.0,0.0,2.2360221200000003
31445564,1,1,1,0,1,1,1,1,1,1,1,0,1,0,0,1,0,0,0,1,1,1,1,0,0,0.0,0.0,0.0,0.0,0.0,0.0,2.2360125
10482303,0,1,0,0,1,1,1,1,1,1,1,1,1,0,0,1,0,0,1,1,1,1,1,1,1,0.0,0.0,0.0,0.0,0.0,0.0,2.23587154
14678600,0,1,1,0,1,1,1,1,1,1,1,1,1,1,0,1,0,0,1,0,0,1,0,0,0,0.0,0.0,0.0,0.0,0.0,0.0,2.23581028
10484448,0,1,0,0,1,1,1,1,1,1,1,1,1,1,0,1,0,1,1,1,0,0,0,0,0,0.0,0.0,0.0,0.0,0.0,0.0,2.23572647
9433612,0,1,0,0,0,1,1,1,1,1,1,1,1,0,0,1,0,0,0,0,0,1,1,0,0,0.0,0.0,0.0,0.0,0.0,0.0,2.2356488100000003
14670440,0,1,1,0,1,1,1,1,1,1,1,0,1,1,0,1,0,0,1,1,0,1,0,0,0,0.0,0.0,0.0,0.0,0.0,0.0,2.2355666800000007
33544768,1,1,1,1,1,1,1,1,1,1,1,0,1,1,0,1,0,0,1,0,0,0,0,0,0,0.0,0.0,0.0,0.0,0.0,0.0,2.23553859
14651904,0,1,1,0,1,1,1,1,1,1,0,0,1,0,0,1,0,0,0,0,0,0,0,0,0,0.0,0.0,0.0,0.0,0.0,0.0,2.23551448
13627968,0,1,1,0,0,1,1,1,1,1,1,1,1,0,0,1,0,0,1,0,0,0,0,0,0,0.0,0.0,0.0,0.0,0.0,0.0,2.23547622
13619776,0,1,1,0,0,1,1,1,1,1,1,0,1,0,0,1,0,0,1,0,0,0,0,0,0,0.0,0.0,0.0,0.0,0.0,0.0,2.23543071
12581504,0,1,0,1,1,1,1,1,1,1,1,1,1,1,0,1,0,1,0,0,0,0,0,0,0,0.0,0.0,0.0,0.0,0.0,0.0,2.2354137
27261528,1,1,0,0,1,1,1,1,1,1,1,1,1,1,0,1,0,0,1,0,1,1,0,0,0,0.0,0.0,0.0,0.0,0.0,0.0,2.2353157
10457696,0,1,0,0,1,1,1,1,1,1,0,0,1,0,0,1,0,0,1,1,0,0,0,0,0,0.0,0.0,0.0,0.0,0.0,0.0,2.23521234
11530784,0,1,0,1,0,1,1,1,1,1,1,1,1,0,0,1,0,0,0,1,0,0,0,0,0,0.0,0.0,0.0,0.0,0.0,0.0,2.2351434
6289920,0,0,1,0,1,1,1,1,1,1,1,1,1,1,0,1,0,0,0,0,0,0,0,0,0,0.0,0.0,0.0,0.0,0.0,0.0,2.23490568
12581464,0,1,0,1,1,1,1,1,1,1,1,1,1,1,0,1,0,0,1,0,1,1,0,0,0,0.0,0.0,0.0,0.0,0.0,0.0,2.23474735
16765464,0,1,1,1,1,1,1,1,1,1,1,0,1,0,0,1,0,0,0,0,1,1,0,0,0,0.0,0.0,0.0,0.0,0.0,0.0,2.2345507000000002
31455800,1,1,1,0,1,1,1,1,1,1,1,1,1,1,0,1,0,0,0,1,1,1,0,0,0,0.0,0.0,0.0,0.0,0.0,0.0,2.2345219700000003
27261552,1,1,0,0,1,1,1,1,1,1,1,1,1,1,0,1,0,0,1,1,1,0,0,0,0,0.0,0.0,0.0,0.0,0.0,0.0,2.23444066
31455872,1,1,1,0,1,1,1,1,1,1,1,1,1,1,0,1,0,1,0,0,0,0,0,0,0,0.0,0.0,0.0,0.0,0.0,0.0,2.2342831
31445592,1,1,1,0,1,1,1,1,1,1,1,0,1,0,0,1,0,0,1,0,1,1,0,0,0,0.0,0.0,0.0,0.0,0.0,0.0,2.2342714299999997
14678556,0,1,1,0,1,1,1,1,1,1,1,1,1,1,0,1,0,0,0,0,1,1,1,0,0,0.0,0.0,0.0,0.0,0.0,0.0,2.23421659
20959744,1,0,0,1,1,1,1,1,1,1,1,0,1,0,0,1,0,0,0,0,0,0,0,0,0,0.0,0.0,0.0,0.0,0.0,0.0,2.23417973
20969984,1,0,0,1,1,1,1,1,1,1,1,1,1,1,0,1,0,0,0,0,0,0,0,0,0,0.0,0.0,0.0,0.0,0.0,0.0,2.23406172
10484349,0,1,0,0,1,1,1,1,1,1,1,1,1,1,0,1,0,0,1,1,1,1,1,0,1,0.0,0.0,0.0,0.0,0.0,0.0,2.2339917599999994
12571184,0,1,0,1,1,1,1,1,1,1,1,0,1,0,0,1,0,0,0,1,1,0,0,0,0,0.0,0.0,0.0,0.0,0.0,0.0,2.23393521
16773672,0,1,1,1,1,1,1,1,1,1,1,1,1,0,0,1,0,0,0,1,0,1,0,0,0,0.0,0.0,0.0,0.0,0.0,0.0,2.23382639
26202656,1,1,0,0,0,1,1,1,1,1,1,0,1,0,0,1,0,0,0,1,0,0,0,0,0,0.0,0.0,0.0,0.0,0.0,0.0,2.2337759100000003
10484301,0,1,0,0,1,1,1,1,1,1,1,1,1,1,0,1,0,0,1,0,0,1,1,0,1,0.0,0.0,0.0,0.0,0.0,0.0,2.2336425799999997
9425480,0,1,0,0,0,1,1,1,1,1,1,0,1,0,0,1,0,0,1,0,0,1,0,0,0,0.0,0.0,0.0,0.0,0.0,0.0,2.2334374599999998
14672384,0,1,1,0,1,1,1,1,1,1,1,1,0,0,0,1,0,0,0,0,0,0,0,0,0,0.0,0.0,0.0,0.0,0.0,0.0,2.2332813499999995
13630016,0,1,1,0,0,1,1,1,1,1,1,1,1,1,0,1,0,0,1,0,0,0,0,0,0,0.0,0.0,0.0,0.0,0.0,0.0,2.23320003
9425420,0,1,0,0,0,1,1,1,1,1,1,0,1,0,0,1,0,0,0,0,0,1,1,0,0,0.0,0.0,0.0,0.0,0.0,0.0,2.2330965
26202720,1,1,0,0,0,1,1,1,1,1,1,0,1,0,0,1,0,0,1,1,0,0,0,0,0,0.0,0.0,0.0,0.0,0.0,0.0,2.23305641
10482301,0,1,0,0,1,1,1,1,1,1,1,1,1,0,0,1,0,0,1,1,1,1,1,0,1,0.0,0.0,0.0,0.0,0.0,0.0,2.2328989900000002
10482269,0,1,0,0,1,1,1,1,1,1,1,1,1,0,0,1,0,0,1,0,1,1,1,0,1,0.0,0.0,0.0,0.0,0.0,0.0,2.23285825
10474095,0,1,0,0,1,1,1,1,1,1,1,0,1,0,0,1,0,0,1,1,0,1,1,1,1,0.0,0.0,0.0,0.0,0.0,0.0,2.23282143
12581416,0,1,0,1,1,1,1,1,1,1,1,1,1,1,0,1,0,0,0,1,0,1,0,0,0,0.0,0.0,0.0,0.0,0.0,0.0,2.23254944
13627936,0,1,1,0,0,1,1,1,1,1,1,1,1,0,0,1,0,0,0,1,0,0,0,0,0,0.0,0.0,0.0,0.0,0.0,0.0,2.2325416999999996
11532808,0,1,0,1,0,1,1,1,1,1,1,1,1,1,0,1,0,0,0,0,0,1,0,0,0,0.0,0.0,0.0,0.0,0.0,0.0,2.2324852
12579432,0,1,0,1,1,1,1,1,1,1,1,1,1,0,0,1,0,0,1,1,0,1,0,0,0,0.0,0.0,0.0,0.0,0.0,0.0,2.232437
14678588,0,1,1,0,1,1,1,1,1,1,1,1,1,1,0,1,0,0,0,1,1,1,1,0,0,0.0,0.0,0.0,0.0,0.0,0.0,2.2323980299999997
14676600,0,1,1,0,1,1,1,1,1,1,1,1,1,0,0,1,0,0,1,1,1,1,0,0,0,0.0,0.0,0.0,0.0,0.0,0.0,2.2323046300000002
16767496,0,1,1,1,1,1,1,1,1,1,1,0,1,1,0,1,0,0,0,0,0,1,0,0,0,0.0,0.0,0.0,0.0,0.0,0.0,2.23229665
16775840,0,1,1,1,1,1,1,1,1,1,1,1,1,1,0,1,0,1,0,1,0,0,0,0,0,0.0,0.0,0.0,0.0,0.0,0.0,2.23208641
10478144,0,1,0,0,1,1,1,1,1,1,1,1,0,0,0,1,0,0,1,0,0,0,0,0,0,0.0,0.0,0.0,0.0,0.0,0.0,2.2320032500000004
33550856,1,1,1,1,1,1,1,1,1,1,1,1,1,0,0,1,0,0,0,0,0,1,0,0,0,0.0,0.0,0.0,0.0,0.0,0.0,2.23181594
10482205,0,1,0,0,1,1,1,1,1,1,1,1,1,0,0,1,0,0,0,0,1,1,1,0,1,0.0,0.0,0.0,0.0,0.0,0.0,2.23157394
16765568,0,1,1,1,1,1,1,1,1,1,1,0,1,0,0,1,0,1,0,0,0,0,0,0,0,0.0,0.0,0.0,0.0,0.0,0.0,2.23153615
14676552,0,1,1,0,1,1,1,1,1,1,1,1,1,0,0,1,0,0,1,0,0,1,0,0,0,0.0,0.0,0.0,0.0,0.0,0.0,2.2312610599999996
12571240,0,1,0,1,1,1,1,1,1,1,1,0,1,0,0,1,0,0,1,1,0,1,0,0,0,0.0,0.0,0.0,0.0,0.0,0.0,2.2311365499999996
10459744,0,1,0,0,1,1,1,1,1,1,0,0,1,1,0,1,0,0,1,1,0,0,0,0,0,0.0,0.0,0.0,0.0,0.0,0.0,2.2309991499999997
10484271,0,1,0,0,1,1,1,1,1,1,1,1,1,1,0,1,0,0,0,1,0,1,1,1,1,0.0,0.0,0.0,0.0,0.0,0.0,2.23096401
14676508,0,1,1,0,1,1,1,1,1,1,1,1,1,0,0,1,0,0,0,0,1,1,1,0,0,0.0,0.0,0.0,0.0,0.0,0.0,2.2309456000000005
11530816,0,1,0,1,0,1,1,1,1,1,1,1,1,0,0,1,0,0,1,0,0,0,0,0,0,0.0,0.0,0.0,0.0,0.0,0.0,2.2308718700000005
31447616,1,1,1,0,1,1,1,1,1,1,1,0,1,1,0,1,0,0,1,0,0,0,0,0,0,0.0,0.0,0.0,0.0,0.0,0.0,2.2307056999999997
27253312,1,1,0,0,1,1,1,1,1,1,1,0,1,1,0,1,0,0,1,0,0,0,0,0,0,0.0,0.0,0.0,0.0,0.0,0.0,2.2305542199999997
10457608,0,1,0,0,1,1,1,1,1,1,0,0,1,0,0,1,0,0,0,0,0,1,0,0,0,0.0,0.0,0.0,0.0,0.0,0.0,2.23033095
13629984,0,1,1,0,0,1,1,1,1,1,1,1,1,1,0,1,0,0,0,1,0,0,0,0,0,0.0,0.0,0.0,0.0,0.0,0.0,2.23028944
12573192,0,1,0,1,1,1,1,1,1,1,1,0,1,1,0,1,0,0,0,0,0,1,0,0,0,0.0,0.0,0.0,0.0,0.0,0.0,2.2301931500000003
10482271,0,1,0,0,1,1,1,1,1,1,1,1,1,0,0,1,0,0,1,0,1,1,1,1,1,0.0,0.0,0.0,0.0,0.0,0.0,2.2299162200000002
12571224,0,1,0,1,1,1,1,1,1,1,1,0,1,0,0,1,0,0,1,0,1,1,0,0,0,0.0,0.0,0.0,0.0,0.0,0.0,2.2298789900000004
14668304,0,1,1,0,1,1,1,1,1,1,1,0,1,0,0,1,0,0,0,0,1,0,0,0,0,0.0,0.0,0.0,0.0,0.0,0.0,2.22963364
9427560,0,1,0,0,0,1,1,1,1,1,1,0,1,1,0,1,0,0,1,1,0,1,0,0,0,0.0,0.0,0.0,0.0,0.0,0.0,2.2295846299999997
14676496,0,1,1,0,1,1,1,1,1,1,1,1,1,0,0,1,0,0,0,0,1,0,0,0,0,0.0,0.0,0.0,0.0,0.0,0.0,2.22956825
9425436,0,1,0,0,0,1,1,1,1,1,1,0,1,0,0,1,0,0,0,0,1,1,1,0,0,0.0,0.0,0.0,0.0,0.0,0.0,2.22956212
14676540,0,1,1,0,1,1,1,1,1,1,1,1,1,0,0,1,0,0,0,1,1,1,1,0,0,0.0,0.0,0.0,0.0,0.0,0.0,2.2291362599999998
27259512,1,1,0,0,1,1,1,1,1,1,1,1,1,0,0,1,0,0,1,1,1,1,0,0,0,0.0,0.0,0.0,0.0,0.0,0.0,2.22892266
27259432,1,1,0,0,1,1,1,1,1,1,1,1,1,0,0,1,0,0,0,1,0,1,0,0,0,0.0,0.0,0.0,0.0,0.0,0.0,2.2287047700000002
11532864,0,1,0,1,0,1,1,1,1,1,1,1,1,1,0,1,0,0,1,0,0,0,0,0,0,0.0,0.0,0.0,0.0,0.0,0.0,2.2286865
16773720,0,1,1,1,1,1,1,1,1,1,1,1,1,0,0,1,0,0,1,0,1,1,0,0,0,0.0,0.0,0.0,0.0,0.0,0.0,2.22856066
12581488,0,1,0,1,1,1,1,1,1,1,1,1,1,1,0,1,0,0,1,1,1,0,0,0,0,0.0,0.0,0.0,0.0,0.0,0.0,2.2284826500000006
14668360,0,1,1,0,1,1,1,1,1,1,1,0,1,0,0,1,0,0,1,0,0,1,0,0,0,0.0,0.0,0.0,0.0,0.0,0.0,2.22835008
14670384,0,1,1,0,1,1,1,1,1,1,1,0,1,1,0,1,0,0,0,1,1,0,0,0,0,0.0,0.0,0.0,0.0,0.0,0.0,2.22833473
16769536,0,1,1,1,1,1,1,1,1,1,1,1,0,0,0,1,0,0,0,0,0,0,0,0,0,0.0,0.0,0.0,0.0,0.0,0.0,2.22813485
33553000,1,1,1,1,1,1,1,1,1,1,1,1,1,1,0,1,0,0,1,1,0,1,0,0,0,0.0,0.0,0.0,0.0,0.0,0.0,2.2279178699999997
10478088,0,1,0,0,1,1,1,1,1,1,1,1,0,0,0,1,0,0,0,0,0,1,0,0,0,0.0,0.0,0.0,0.0,0.0,0.0,2.22778378
12579416,0,1,0,1,1,1,1,1,1,1,1,1,1,0,0,1,0,0,1,0,1,1,0,0,0,0.0,0.0,0.0,0.0,0.0,0.0,2.22771789
10482223,0,1,0,0,1,1,1,1,1,1,1,1,1,0,0,1,0,0,0,1,0,1,1,1,1,0.0,0.0,0.0,0.0,0.0,0.0,2.22760263
27261480,1,1,0,0,1,1,1,1,1,1,1,1,1,1,0,1,0,0,0,1,0,1,0,0,0,0.0,0.0,0.0,0.0,0.0,0.0,2.2274980500000003
14676592,0,1,1,0,1,1,1,1,1,1,1,1,1,0,0,1,0,0,1,1,1,0,0,0,0,0.0,0.0,0.0,0.0,0.0,0.0,2.2274227600000005
33552944,1,1,1,1,1,1,1,1,1,1,1,1,1,1,0,1,0,0,0,1,1,0,0,0,0,0.0,0.0,0.0,0.0,0.0,0.0,2.22729117
31453800,1,1,1,0,1,1,1,1,1,1,1,1,1,0,0,1,0,0,1,1,0,1,0,0,0,0.0,0.0,0.0,0.0,0.0,0.0,2.2272498200000004
10359296,0,1,0,0,1,1,1,1,0,0,0,0,1,0,0,1,0,0,0,0,0,0,0,0,0,0.0,0.0,0.0,0.0,0.0,0.0,2.22689338
9427544,0,1,0,0,0,1,1,1,1,1,1,0,1,1,0,1,0,0,1,0,1,1,0,0,0,0.0,0.0,0.0,0.0,0.0,0.0,2.22686788
10484335,0,1,0,0,1,1,1,1,1,1,1,1,1,1,0,1,0,0,1,1,0,1,1,1,1,0.0,0.0,0.0,0.0,0.0,0.0,2.22667926
10484319,0,1,0,0,1,1,1,1,1,1,1,1,1,1,0,1,0,0,1,0,1,1,1,1,1,0.0,0.0,0.0,0.0,0.0,0.0,2.22661097
10478112,0,1,0,0,1,1,1,1,1,1,1,1,0,0,0,1,0,0,0,1,0,0,0,0,0,0.0,0.0,0.0,0.0,0.0,0.0,2.22632197
27259404,1,1,0,0,1,1,1,1,1,1,1,1,1,0,0,1,0,0,0,0,0,1,1,0,0,0.0,0.0,0.0,0.0,0.0,0.0,2.2259281900000003
27251212,1,1,0,0,1,1,1,1,1,1,1,0,1,0,0,1,0,0,0,0,0,1,1,0,0,0.0,0.0,0.0,0.0,0.0,0.0,2.22575338
10457632,0,1,0,0,1,1,1,1,1,1,0,0,1,0,0,1,0,0,0,1,0,0,0,0,0,0.0,0.0,0.0,0.0,0.0,0.0,2.2257136099999997
27251228,1,1,0,0,1,1,1,1,1,1,1,0,1,0,0,1,0,0,0,0,1,1,1,0,0,0.0,0.0,0.0,0.0,0.0,0.0,2.2257117400000004
10476063,0,1,0,0,1,1,1,1,1,1,1,0,1,1,0,1,0,0,0,0,1,1,1,1,1,0.0,0.0,0.0,0.0,0.0,0.0,2.2256654
31453752,1,1,1,0,1,1,1,1,1,1,1,1,1,0,0,1,0,0,0,1,1,1,0,0,0,0.0,0.0,0.0,0.0,0.0,0.0,2.2256307
16765496,0,1,1,1,1,1,1,1,1,1,1,0,1,0,0,1,0,0,0,1,1,1,0,0,0,0.0,0.0,0.0,0.0,0.0,0.0,2.22552718
27251328,1,1,0,0,1,1,1,1,1,1,1,0,1,0,0,1,0,1,0,0,0,0,0,0,0,0.0,0.0,0.0,0.0,0.0,0.0,2.22530713
11522592,0,1,0,1,0,1,1,1,1,1,1,0,1,0,0,1,0,0,0,1,0,0,0,0,0,0.0,0.0,0.0,0.0,0.0,0.0,2.22521832
16773688,0,1,1,1,1,1,1,1,1,1,1,1,1,0,0,1,0,0,0,1,1,1,0,0,0,0.0,0.0,0.0,0.0,0.0,0.0,2.22519322
14670456,0,1,1,0,1,1,1,1,1,1,1,0,1,1,0,1,0,0,1,1,1,1,0,0,0,0.0,0.0,0.0,0.0,0.0,0.0,2.22509515
9421312,0,1,0,0,0,1,1,1,1,1,1,0,0,0,0,1,0,0,0,0,0,0,0,0,0,0.0,0.0,0.0,0.0,0.0,0.0,2.22491057
16767616,0,1,1,1,1,1,1,1,1,1,1,0,1,1,0,1,0,1,0,0,0,0,0,0,0,0.0,0.0,0.0,0.0,0.0,0.0,2.2248125599999997
9435660,0,1,0,0,0,1,1,1,1,1,1,1,1,1,0,1,0,0,0,0,0,1,1,0,0,0.0,0.0,0.0,0.0,0.0,0.0,2.22474465
16765488,0,1,1,1,1,1,1,1,1,1,1,0,1,0,0,1,0,0,0,1,1,0,0,0,0,0.0,0.0,0.0,0.0,0.0,0.0,2.22443988
15727200,0,1,1,1,0,1,1,1,1,1,1,1,1,1,0,1,0,0,1,1,0,0,0,0,0,0.0,0.0,0.0,0.0,0.0,0.0,2.2243867600000007
10465792,0,1,0,0,1,1,1,1,1,1,0,1,1,0,0,1,0,0,0,0,0,0,0,0,0,0.0,0.0,0.0,0.0,0.0,0.0,2.22404157
12571176,0,1,0,1,1,1,1,1,1,1,1,0,1,0,0,1,0,0,0,1,0,1,0,0,0,0.0,0.0,0.0,0.0,0.0,0.0,2.2240287
16773648,0,1,1,1,1,1,1,1,1,1,1,1,1,0,0,1,0,0,0,0,1,0,0,0,0,0.0,0.0,0.0,0.0,0.0,0.0,2.2240272600000006
26212960,1,1,0,0,0,1,1,1,1,1,1,1,1,1,0,1,0,0,1,1,0,0,0,0,0,0.0,0.0,0.0,0.0,0.0,0.0,2.2239116900000004
27253304,1,1,0,0,1,1,1,1,1,1,1,0,1,1,0,1,0,0,0,1,1,1,0,0,0,0.0,0.0,0.0,0.0,0.0,0.0,2.22390447
10361344,0,1,0,0,1,1,1,1,0,0,0,0,1,1,0,1,0,0,0,0,0,0,0,0,0,0.0,0.0,0.0,0.0,0.0,0.0,2.2238927000000004
6287872,0,0,1,0,1,1,1,1,1,1,1,1,1,0,0,1,0,0,0,0,0,0,0,0,0,0.0,0.0,0.0,0.0,0.0,0.0,2.22370777
12579384,0,1,0,1,1,1,1,1,1,1,1,1,1,0,0,1,0,0,0,1,1,1,0,0,0,0.0,0.0,0.0,0.0,0.0,0.0,2.2235991999999998
14668412,0,1,1,0,1,1,1,1,1,1,1,0,1,0,0,1,0,0,1,1,1,1,1,0,0,0.0,0.0,0.0,0.0,0.0,0.0,2.2232014800000006
16775752,0,1,1,1,1,1,1,1,1,1,1,1,1,1,0,1,0,0,1,0,0,1,0,0,0,0.0,0.0,0.0,0.0,0.0,0.0,2.22309407
13621856,0,1,1,0,0,1,1,1,1,1,1,0,1,1,0,1,0,0,1,1,0,0,0,0,0,0.0,0.0,0.0,0.0,0.0,0.0,2.22301357
31455832,1,1,1,0,1,1,1,1,1,1,1,1,1,1,0,1,0,0,1,0,1,1,0,0,0,0.0,0.0,0.0,0.0,0.0,0.0,2.2229901300000003
14670376,0,1,1,0,1,1,1,1,1,1,1,0,1,1,0,1,0,0,0,1,0,1,0,0,0,0.0,0.0,0.0,0.0,0.0,0.0,2.2227438699999995
12579368,0,1,0,1,1,1,1,1,1,1,1,1,1,0,0,1,0,0,0,1,0,1,0,0,0,0.0,0.0,0.0,0.0,0.0,0.0,2.22268005
10480224,0,1,0,0,1,1,1,1,1,1,1,1,0,1,0,1,0,0,1,1,0,0,0,0,0,0.0,0.0,0.0,0.0,0.0,0.0,2.2226345899999997
11530760,0,1,0,1,0,1,1,1,1,1,1,1,1,0,0,1,0,0,0,0,0,1,0,0,0,0.0,0.0,0.0,0.0,0.0,0.0,2.2225484100000004
31447560,1,1,1,0,1,1,1,1,1,1,1,0,1,1,0,1,0,0,0,0,0,1,0,0,0,0.0,0.0,0.0,0.0,0.0,0.0,2.2224353199999998
11522656,0,1,0,1,0,1,1,1,1,1,1,0,1,0,0,1,0,0,1,1,0,0,0,0,0,0.0,0.0,0.0,0.0,0.0,0.0,2.2224122500000005
26210912,1,1,0,0,0,1,1,1,1,1,1,1,1,0,0,1,0,0,1,1,0,0,0,0,0,0.0,0.0,0.0,0.0,0.0,0.0,2.2221965200000007
10476108,0,1,0,0,1,1,1,1,1,1,1,0,1,1,0,1,0,0,1,0,0,1,1,0,0,0.0,0.0,0.0,0.0,0.0,0.0,2.22192349
15716960,0,1,1,1,0,1,1,1,1,1,1,0,1,0,0,1,0,0,1,1,0,0,0,0,0,0.0,0.0,0.0,0.0,0.0,0.0,2.2218639900000006
11522568,0,1,0,1,0,1,1,1,1,1,1,0,1,0,0,1,0,0,0,0,0,1,0,0,0,0.0,0.0,0.0,0.0,0.0,0.0,2.2218315900000003
27259504,1,1,0,0,1,1,1,1,1,1,1,1,1,0,0,1,0,0,1,1,1,0,0,0,0,0.0,0.0,0.0,0.0,0.0,0.0,2.22178085
27261452,1,1,0,0,1,1,1,1,1,1,1,1,1,1,0,1,0,0,0,0,0,1,1,0,0,0.0,0.0,0.0,0.0,0.0,0.0,2.2217702700000004
1047040,0,0,0,0,0,1,1,1,1,1,1,1,1,1,0,1,0,0,0,0,0,0,0,0,0,0.0,0.0,0.0,0.0,0.0,0.0,2.22158369
14674432,0,1,1,0,1,1,1,1,1,1,1,1,0,1,0,1,0,0,0,0,0,0,0,0,0,0.0,0.0,0.0,0.0,0.0,0.0,2.2214665800000004
9433760,0,1,0,0,0,1,1,1,1,1,1,1,1,0,0,1,0,1,0,1,0,0,0,0,0,0.0,0.0,0.0,0.0,0.0,0.0,2.22133673
28310016,1,1,0,1,0,1,1,1,1,1,1,1,1,1,0,1,0,0,0,0,0,0,0,0,0,0.0,0.0,0.0,0.0,0.0,0.0,2.22128984
10476157,0,1,0,0,1,1,1,1,1,1,1,0,1,1,0,1,0,0,1,1,1,1,1,0,1,0.0,0.0,0.0,0.0,0.0,0.0,2.2210100799999997
10474046,0,1,0,0,1,1,1,1,1,1,1,0,1,0,0,1,0,0,0,1,1,1,1,1,0,0.0,0.0,0.0,0.0,0.0,0.0,2.22098201
9427496,0,1,0,0,0,1,1,1,1,1,1,0,1,1,0,1,0,0,0,1,0,1,0,0,0,0.0,0.0,0.0,0.0,0.0,0.0,2.22088617
10482253,0,1,0,0,1,1,1,1,1,1,1,1,1,0,0,1,0,0,1,0,0,1,1,0,1,0.0,0.0,0.0,0.0,0.0,0.0,2.22071188
31453744,1,1,1,0,1,1,1,1,1,1,1,1,1,0,0,1,0,0,0,1,1,0,0,0,0,0.0,0.0,0.0,0.0,0.0,0.0,2.22060083
17824256,1,0,0,0,0,1,1,1,1,1,1,1,1,1,0,1,0,0,0,0,0,0,0,0,0,0.0,0.0,0.0,0.0,0.0,0.0,2.2205782899999997
16765544,0,1,1,1,1,1,1,1,1,1,1,0,1,0,0,1,0,0,1,1,0,1,0,0,0,0.0,0.0,0.0,0.0,0.0,0.0,2.2202531199999997
26210848,1,1,0,0,0,1,1,1,1,1,1,1,1,0,0,1,0,0,0,1,0,0,0,0,0,0.0,0.0,0.0,0.0,0.0,0.0,2.21980491
9427568,0,1,0,0,0,1,1,1,1,1,1,0,1,1,0,1,0,0,1,1,1,0,0,0,0,0.0,0.0,0.0,0.0,0.0,0.0,2.21974652
12581392,0,1,0,1,1,1,1,1,1,1,1,1,1,1,0,1,0,0,0,0,1,0,0,0,0,0.0,0.0,0.0,0.0,0.0,0.0,2.21974251
17814016,1,0,0,0,0,1,1,1,1,1,1,0,1,0,0,1,0,0,0,0,0,0,0,0,0,0.0,0.0,0.0,0.0,0.0,0.0,2.21972402
9433660,0,1,0,0,0,1,1,1,1,1,1,1,1,0,0,1,0,0,0,1,1,1,1,0,0,0.0,0.0,0.0,0.0,0.0,0.0,2.21960203
27251216,1,1,0,0,1,1,1,1,1,1,1,0,1,0,0,1,0,0,0,0,1,0,0,0,0,0.0,0.0,0.0,0.0,0.0,0.0,2.21944249
33553024,1,1,1,1,1,1,1,1,1,1,1,1,1,1,0,1,0,1,0,0,0,0,0,0,0,0.0,0.0,0.0,0.0,0.0,0.0,2.2191869399999997
10476200,0,1,0,0,1,1,1,1,1,1,1,0,1,1,0,1,0,1,0,1,0,1,0,0,0,0.0,0.0,0.0,0.0,0.0,0.0,2.2188394600000003
12571256,0,1,0,1,1,1,1,1,1,1,1,0,1,0,0,1,0,0,1,1,1,1,0,0,0,0.0,0.0,0.0,0.0,0.0,0.0,2.2188380299999997
12571264,0,1,0,1,1,1,1,1,1,1,1,0,1,0,0,1,0,1,0,0,0,0,0,0,0,0.0,0.0,0.0,0.0,0.0,0.0,2.2187110399999996
27251324,1,1,0,0,1,1,1,1,1,1,1,0,1,0,0,1,0,0,1,1,1,1,1,0,0,0.0,0.0,0.0,0.0,0.0,0.0,2.2184964799999998
12581388,0,1,0,1,1,1,1,1,1,1,1,1,1,1,0,1,0,0,0,0,0,1,1,0,0,0.0,0.0,0.0,0.0,0.0,0.0,2.21841591
2095712,0,0,0,0,1,1,1,1,1,1,1,1,1,1,0,1,0,0,1,1,0,0,0,0,0,0.0,0.0,0.0,0.0,0.0,0.0,2.2183644399999998
16775800,0,1,1,1,1,1,1,1,1,1,1,1,1,1,0,1,0,0,1,1,1,1,0,0,0,0.0,0.0,0.0,0.0,0.0,0.0,2.21817776
31447608,1,1,1,0,1,1,1,1,1,1,1,0,1,1,0,1,0,0,0,1,1,1,0,0,0,0.0,0.0,0.0,0.0,0.0,0.0,2.21813239
27261568,1,1,0,0,1,1,1,1,1,1,1,1,1,1,0,1,0,1,0,0,0,0,0,0,0,0.0,0.0,0.0,0.0,0.0,0.0,2.21812058
31455864,1,1,1,0,1,1,1,1,1,1,1,1,1,1,0,1,0,0,1,1,1,1,0,0,0,0.0,0.0,0.0,0.0,0.0,0.0,2.2179917999999996
10474208,0,1,0,0,1,1,1,1,1,1,1,0,1,0,0,1,0,1,1,1,0,0,0,0,0,0.0,0.0,0.0,0.0,0.0,0.0,2.2179583199999997
31455856,1,1,1,0,1,1,1,1,1,1,1,1,1,1,0,1,0,0,1,1,1,0,0,0,0,0.0,0.0,0.0,0.0,0.0,0.0,2.2178290499999997
16765480,0,1,1,1,1,1,1,1,1,1,1,0,1,0,0,1,0,0,0,1,0,1,0,0,0,0.0,0.0,0.0,0.0,0.0,0.0,2.2176152399999998
10459680,0,1,0,0,1,1,1,1,1,1,0,0,1,1,0,1,0,0,0,1,0,0,0,0,0,0.0,0.0,0.0,0.0,0.0,0.0,2.21746194
27253272,1,1,0,0,1,1,1,1,1,1,1,0,1,1,0,1,0,0,0,0,1,1,0,0,0,0.0,0.0,0.0,0.0,0.0,0.0,2.21730277
10482287,0,1,0,0,1,1,1,1,1,1,1,1,1,0,0,1,0,0,1,1,0,1,1,1,1,0.0,0.0,0.0,0.0,0.0,0.0,2.2172652399999997
10476224,0,1,0,0,1,1,1,1,1,1,1,0,1,1,0,1,0,1,1,0,0,0,0,0,0,0.0,0.0,0.0,0.0,0.0,0.0,2.2169649799999998
9427472,0,1,0,0,0,1,1,1,1,1,1,0,1,1,0,1,0,0,0,0,1,0,0,0,0,0.0,0.0,0.0,0.0,0.0,0.0,2.21693592
14676640,0,1,1,0,1,1,1,1,1,1,1,1,1,0,0,1,0,1,0,1,0,0,0,0,0,0.0,0.0,0.0,0.0,0.0,0.0,2.2168586799999996
14668448,0,1,1,0,1,1,1,1,1,1,1,0,1,0,0,1,0,1,0,1,0,0,0,0,0,0.0,0.0,0.0,0.0,0.0,0.0,2.2167930700000005
16773744,0,1,1,1,1,1,1,1,1,1,1,1,1,0,0,1,0,0,1,1,1,0,0,0,0,0.0,0.0,0.0,0.0,0.0,0.0,2.21645073
27251263,1,1,0,0,1,1,1,1,1,1,1,0,1,0,0,1,0,0,0,1,1,1,1,1,1,0.0,0.0,0.0,0.0,0.0,0.0,2.2163308400000004
31453736,1,1,1,0,1,1,1,1,1,1,1,1,1,0,0,1,0,0,0,1,0,1,0,0,0,0.0,0.0,0.0,0.0,0.0,0.0,2.2162134900000003
15727136,0,1,1,1,0,1,1,1,1,1,1,1,1,1,0,1,0,0,0,1,0,0,0,0,0,0.0,0.0,0.0,0.0,0.0,0.0,2.21617438
13621824,0,1,1,0,0,1,1,1,1,1,1,0,1,1,0,1,0,0,1,0,0,0,0,0,0,0.0,0.0,0.0,0.0,0.0,0.0,2.21616686
31455784,1,1,1,0,1,1,1,1,1,1,1,1,1,1,0,1,0,0,0,1,0,1,0,0,0,0.0,0.0,0.0,0.0,0.0,0.0,2.21614611
8911360,0,1,0,0,0,0,1,1,1,1,1,1,1,1,0,1,0,0,0,0,0,0,0,0,0,0.0,0.0,0.0,0.0,0.0,0.0,2.2161136800000003
18870792,1,0,0,0,1,1,1,1,1,1,1,1,1,0,0,1,0,0,0,0,0,1,0,0,0,0.0,0.0,0.0,0.0,0.0,0.0,2.2161018
8901120,0,1,0,0,0,0,1,1,1,1,1,0,1,0,0,1,0,0,0,0,0,0,0,0,0,0.0,0.0,0.0,0.0,0.0,0.0,2.2159169700000003
16775760,0,1,1,1,1,1,1,1,1,1,1,1,1,1,0,1,0,0,1,0,1,0,0,0,0,0.0,0.0,0.0,0.0,0.0,0.0,2.21563078
27259452,1,1,0,0,1,1,1,1,1,1,1,1,1,0,0,1,0,0,0,1,1,1,1,0,0,0.0,0.0,0.0,0.0,0.0,0.0,2.21545904
10474061,0,1,0,0,1,1,1,1,1,1,1,0,1,0,0,1,0,0,1,0,0,1,1,0,1,0.0,0.0,0.0,0.0,0.0,0.0,2.21531131
27253352,1,1,0,0,1,1,1,1,1,1,1,0,1,1,0,1,0,0,1,1,0,1,0,0,0,0.0,0.0,0.0,0.0,0.0,0.0,2.2152846100000003
18862600,1,0,0,0,1,1,1,1,1,1,1,0,1,0,0,1,0,0,0,0,0,1,0,0,0,0.0,0.0,0.0,0.0,0.0,0.0,2.2152151800000004
23067136,1,0,1,0,1,1,1,1,1,1,1,1,1,1,0,1,0,0,0,0,0,0,0,0,0,0.0,0.0,0.0,0.0,0.0,0.0,2.21520779
12581536,0,1,0,1,1,1,1,1,1,1,1,1,1,1,0,1,0,1,0,1,0,0,0,0,0,0.0,0.0,0.0,0.0,0.0,0.0,2.2150729300000003
10469984,0,1,0,0,1,1,1,1,1,1,1,0,0,0,0,1,0,0,1,1,0,0,0,0,0,0.0,0.0,0.0,0.0,0.0,0.0,2.21503625
10484228,0,1,0,0,1,1,1,1,1,1,1,1,1,1,0,1,0,0,0,0,0,0,1,0,0,0.0,0.0,0.0,0.0,0.0,0.0,2.2149245
10228224,0,1,0,0,1,1,1,0,0,0,0,0,1,0,0,1,0,0,0,0,0,0,0,0,0,0.0,0.0,0.0,0.0,0.0,0.0,2.2147733300000008
12579344,0,1,0,1,1,1,1,1,1,1,1,1,1,0,0,1,0,0,0,0,1,0,0,0,0,0.0,0.0,0.0,0.0,0.0,0.0,2.214534209999999
26212896,1,1,0,0,0,1,1,1,1,1,1,1,1,1,0,1,0,0,0,1,0,0,0,0,0,0.0,0.0,0.0,0.0,0.0,0.0,2.2145150600000005
9435728,0,1,0,0,0,1,1,1,1,1,1,1,1,1,0,1,0,0,1,0,1,0,0,0,0,0.0,0.0,0.0,0.0,0.0,0.0,2.21436779
10476061,0,1,0,0,1,1,1,1,1,1,1,0,1,1,0,1,0,0,0,0,1,1,1,0,1,0.0,0.0,0.0,0.0,0.0,0.0,2.21402794
10211840,0,1,0,0,1,1,0,1,1,1,1,0,1,0,0,1,0,0,0,0,0,0,0,0,0,0.0,0.0,0.0,0.0,0.0,0.0,2.21402101
12581496,0,1,0,1,1,1,1,1,1,1,1,1,1,1,0,1,0,0,1,1,1,1,0,0,0,0.0,0.0,0.0,0.0,0.0,0.0,2.2137890700000002
14678608,0,1,1,0,1,1,1,1,1,1,1,1,1,1,0,1,0,0,1,0,1,0,0,0,0,0.0,0.0,0.0,0.0,0.0,0.0,2.21368856
16773704,0,1,1,1,1,1,1,1,1,1,1,1,1,0,0,1,0,0,1,0,0,1,0,0,0,0.0,0.0,0.0,0.0,0.0,0.0,2.21340555
9427616,0,1,0,0,0,1,1,1,1,1,1,0,1,1,0,1,0,1,0,1,0,0,0,0,0,0.0,0.0,0.0,0.0,0.0,0.0,2.21316107
15725152,0,1,1,1,0,1,1,1,1,1,1,1,1,0,0,1,0,0,1,1,0,0,0,0,0,0.0,0.0,0.0,0.0,0.0,0.0,2.21298827
27251272,1,1,0,0,1,1,1,1,1,1,1,0,1,0,0,1,0,0,1,0,0,1,0,0,0,0.0,0.0,0.0,0.0,0.0,0.0,2.21297576
16773792,0,1,1,1,1,1,1,1,1,1,1,1,1,0,0,1,0,1,0,1,0,0,0,0,0,0.0,0.0,0.0,0.0,0.0,0.0,2.21290363
18872928,1,0,0,0,1,1,1,1,1,1,1,1,1,1,0,1,0,0,1,1,0,0,0,0,0,0.0,0.0,0.0,0.0,0.0,0.0,2.2126570799999996
33542664,1,1,1,1,1,1,1,1,1,1,1,0,1,0,0,1,0,0,0,0,0,1,0,0,0,0.0,0.0,0.0,0.0,0.0,0.0,2.2125683699999996
10476045,0,1,0,0,1,1,1,1,1,1,1,0,1,1,0,1,0,0,0,0,0,1,1,0,1,0.0,0.0,0.0,0.0,0.0,0.0,2.21243789
31455756,1,1,1,0,1,1,1,1,1,1,1,1,1,1,0,1,0,0,0,0,0,1,1,0,0,0.0,0.0,0.0,0.0,0.0,0.0,2.21226286
10476184,0,1,0,0,1,1,1,1,1,1,1,0,1,1,0,1,0,1,0,0,1,1,0,0,0,0.0,0.0,0.0,0.0,0.0,0.0,2.21222173
10484368,0,1,0,0,1,1,1,1,1,1,1,1,1,1,0,1,0,1,0,0,1,0,0,0,0,0.0,0.0,0.0,0.0,0.0,0.0,2.21218525
31453784,1,1,1,0,1,1,1,1,1,1,1,1,1,0,0,1,0,0,1,0,1,1,0,0,0,0.0,0.0,0.0,0.0,0.0,0.0,2.21213201
14670424,0,1,1,0,1,1,1,1,1,1,1,0,1,1,0,1,0,0,1,0,1,1,0,0,0,0.0,0.0,0.0,0.0,0.0,0.0,2.2120871699999998
31453824,1,1,1,0,1,1,1,1,1,1,1,1,1,0,0,1,0,1,0,0,0,0,0,0,0,0.0,0.0,0.0,0.0,0.0,0.0,2.21129276
13621792,0,1,1,0,0,1,1,1,1,1,1,0,1,1,0,1,0,0,0,1,0,0,0,0,0,0.0,0.0,0.0,0.0,0.0,0.0,2.2108738299999997
18872840,1,0,0,0,1,1,1,1,1,1,1,1,1,1,0,1,0,0,0,0,0,1,0,0,0,0.0,0.0,0.0,0.0,0.0,0.0,2.21085582
10482400,0,1,0,0,1,1,1,1,1,1,1,1,1,0,0,1,0,1,1,1,0,0,0,0,0,0.0,0.0,0.0,0.0,0.0,0.0,2.21063512
13619720,0,1,1,0,0,1,1,1,1,1,1,0,1,0,0,1,0,0,0,0,0,1,0,0,0,0.0,0.0,0.0,0.0,0.0,0.0,2.21057985
27259520,1,1,0,0,1,1,1,1,1,1,1,1,1,0,0,1,0,1,0,0,0,0,0,0,0,0.0,0.0,0.0,0.0,0.0,0.0,2.21048183
31445616,1,1,1,0,1,1,1,1,1,1,1,0,1,0,0,1,0,0,1,1,1,0,0,0,0,0.0,0.0,0.0,0.0,0.0,0.0,2.2103620900000003
12579440,0,1,0,1,1,1,1,1,1,1,1,1,1,0,0,1,0,0,1,1,1,0,0,0,0,0.0,0.0,0.0,0.0,0.0,0.0,2.21026289
10473988,0,1,0,0,1,1,1,1,1,1,1,0,1,0,0,1,0,0,0,0,0,0,1,0,0,0.0,0.0,0.0,0.0,0.0,0.0,2.2100947999999994
15716896,0,1,1,1,0,1,1,1,1,1,1,0,1,0,0,1,0,0,0,1,0,0,0,0,0,0.0,0.0,0.0,0.0,0.0,0.0,2.21000678
33552952,1,1,1,1,1,1,1,1,1,1,1,1,1,1,0,1,0,0,0,1,1,1,0,0,0,0.0,0.0,0.0,0.0,0.0,0.0,2.20987452
26202688,1,1,0,0,0,1,1,1,1,1,1,0,1,0,0,1,0,0,1,0,0,0,0,0,0,0.0,0.0,0.0,0.0,0.0,0.0,2.20985731
13111808,0,1,1,0,0,1,0,0,0,0,0,0,1,0,0,1,0,0,0,0,0,0,0,0,0,0.0,0.0,0.0,0.0,0.0,0.0,2.2098284300000004
10474041,0,1,0,0,1,1,1,1,1,1,1,0,1,0,0,1,0,0,0,1,1,1,0,0,1,0.0,0.0,0.0,0.0,0.0,0.0,2.2096054799999996
27255296,1,1,0,0,1,1,1,1,1,1,1,1,0,0,0,1,0,0,0,0,0,0,0,0,0,0.0,0.0,0.0,0.0,0.0,0.0,2.2095738000000003
10469920,0,1,0,0,1,1,1,1,1,1,1,0,0,0,0,1,0,0,0,1,0,0,0,0,0,0.0,0.0,0.0,0.0,0.0,0.0,2.20941542
27253296,1,1,0,0,1,1,1,1,1,1,1,0,1,1,0,1,0,0,0,1,1,0,0,0,0,0.0,0.0,0.0,0.0,0.0,0.0,2.20939718
10474173,0,1,0,0,1,1,1,1,1,1,1,0,1,0,0,1,0,1,0,1,1,1,1,0,1,0.0,0.0,0.0,0.0,0.0,0.0,2.2093862300000002
10482180,0,1,0,0,1,1,1,1,1,1,1,1,1,0,0,1,0,0,0,0,0,0,1,0,0,0.0,0.0,0.0,0.0,0.0,0.0,2.2091009099999996
10476141,0,1,0,0,1,1,1,1,1,1,1,0,1,1,0,1,0,0,1,1,0,1,1,0,1,0.0,0.0,0.0,0.0,0.0,0.0,2.2089328000000004
14676560,0,1,1,0,1,1,1,1,1,1,1,1,1,0,0,1,0,0,1,0,1,0,0,0,0,0.0,0.0,0.0,0.0,0.0,0.0,2.2087966299999993
10474063,0,1,0,0,1,1,1,1,1,1,1,0,1,0,0,1,0,0,1,0,0,1,1,1,1,0.0,0.0,0.0,0.0,0.0,0.0,2.20868195
10457656,0,1,0,0,1,1,1,1,1,1,0,0,1,0,0,1,0,0,0,1,1,1,0,0,0,0.0,0.0,0.0,0.0,0.0,0.0,2.20864727
30396960,1,1,1,0,0,1,1,1,1,1,1,0,1,0,0,1,0,0,0,1,0,0,0,0,0,0.0,0.0,0.0,0.0,0.0,0.0,2.2085289699999997
9425568,0,1,0,0,0,1,1,1,1,1,1,0,1,0,0,1,0,1,0,1,0,0,0,0,0,0.0,0.0,0.0,0.0,0.0,0.0,2.2084644
11522624,0,1,0,1,0,1,1,1,1,1,1,0,1,0,0,1,0,0,1,0,0,0,0,0,0,0.0,0.0,0.0,0.0,0.0,0.0,2.20842667
16775692,0,1,1,1,1,1,1,1,1,1,1,1,1,1,0,1,0,0,0,0,0,1,1,0,0,0.0,0.0,0.0,0.0,0.0,0.0,2.2082467900000005
12581448,0,1,0,1,1,1,1,1,1,1,1,1,1,1,0,1,0,0,1,0,0,1,0,0,0,0.0,0.0,0.0,0.0,0.0,0.0,2.20810914
9419264,0,1,0,0,0,1,1,1,1,1,0,1,1,1,0,1,0,0,0,0,0,0,0,0,0,0.0,0.0,0.0,0.0,0.0,0.0,2.2078275
10480160,0,1,0,0,1,1,1,1,1,1,1,1,0,1,0,1,0,0,0,1,0,0,0,0,0,0.0,0.0,0.0,0.0,0.0,0.0,2.2077905600000003
12575232,0,1,0,1,1,1,1,1,1,1,1,1,0,0,0,1,0,0,0,0,0,0,0,0,0,0.0,0.0,0.0,0.0,0.0,0.0,2.20762549
10476047,0,1,0,0,1,1,1,1,1,1,1,0,1,1,0,1,0,0,0,0,0,1,1,1,1,0.0,0.0,0.0,0.0,0.0,0.0,2.2075090200000003
9433628,0,1,0,0,0,1,1,1,1,1,1,1,1,0,0,1,0,0,0,0,1,1,1,0,0,0.0,0.0,0.0,0.0,0.0,0.0,2.20721234
16773712,0,1,1,1,1,1,1,1,1,1,1,1,1,0,0,1,0,0,1,0,1,0,0,0,0,0.0,0.0,0.0,0.0,0.0,0.0,2.2071767600000003
15727168,0,1,1,1,0,1,1,1,1,1,1,1,1,1,0,1,0,0,1,0,0,0,0,0,0,0.0,0.0,0.0,0.0,0.0,0.0,2.20686623
12571248,0,1,0,1,1,1,1,1,1,1,1,0,1,0,0,1,0,0,1,1,1,0,0,0,0,0.0,0.0,0.0,0.0,0.0,0.0,2.2068522799999997
31445532,1,1,1,0,1,1,1,1,1,1,1,0,1,0,0,1,0,0,0,0,1,1,1,0,0,0.0,0.0,0.0,0.0,0.0,0.0,2.2068010399999998
9433680,0,1,0,0,0,1,1,1,1,1,1,1,1,0,0,1,0,0,1,0,1,0,0,0,0,0.0,0.0,0.0,0.0,0.0,0.0,2.2067512099999997
27253368,1,1,0,0,1,1,1,1,1,1,1,0,1,1,0,1,0,0,1,1,1,1,0,0,0,0.0,0.0,0.0,0.0,0.0,0.0,2.20672568
33550976,1,1,1,1,1,1,1,1,1,1,1,1,1,0,0,1,0,1,0,0,0,0,0,0,0,0.0,0.0,0.0,0.0,0.0,0.0,2.20671979
26210880,1,1,0,0,0,1,1,1,1,1,1,1,1,0,0,1,0,0,1,0,0,0,0,0,0,0.0,0.0,0.0,0.0,0.0,0.0,2.20668809
8903168,0,1,0,0,0,0,1,1,1,1,1,0,1,1,0,1,0,0,0,0,0,0,0,0,0,0.0,0.0,0.0,0.0,0.0,0.0,2.20652794
1038848,0,0,0,0,0,1,1,1,1,1,1,0,1,1,0,1,0,0,0,0,0,0,0,0,0,0.0,0.0,0.0,0.0,0.0,0.0,2.2061949500000004
2085472,0,0,0,0,1,1,1,1,1,1,1,0,1,0,0,1,0,0,1,1,0,0,0,0,0,0.0,0.0,0.0,0.0,0.0,0.0,2.20599041
31453708,1,1,1,0,1,1,1,1,1,1,1,1,1,0,0,1,0,0,0,0,0,1,1,0,0,0.0,0.0,0.0,0.0,0.0,0.0,2.2058995699999997
12579340,0,1,0,1,1,1,1,1,1,1,1,1,1,0,0,1,0,0,0,0,0,1,1,0,0,0.0,0.0,0.0,0.0,0.0,0.0,2.2055514700000005
15716928,0,1,1,1,0,1,1,1,1,1,1,0,1,0,0,1,0,0,1,0,0,0,0,0,0,0.0,0.0,0.0,0.0,0.0,0.0,2.20548843
13629960,0,1,1,0,0,1,1,1,1,1,1,1,1,1,0,1,0,0,0,0,0,1,0,0,0,0.0,0.0,0.0,0.0,0.0,0.0,2.2054844499999997
9435708,0,1,0,0,0,1,1,1,1,1,1,1,1,1,0,1,0,0,0,1,1,1,1,0,0,0.0,0.0,0.0,0.0,0.0,0.0,2.20546519
16751104,0,1,1,1,1,1,1,1,1,1,0,0,1,1,0,1,0,0,0,0,0,0,0,0,0,0.0,0.0,0.0,0.0,0.0,0.0,2.20516298
10482255,0,1,0,0,1,1,1,1,1,1,1,1,1,0,0,1,0,0,1,0,0,1,1,1,1,0.0,0.0,0.0,0.0,0.0,0.0,2.2050309500000003
31455804,1,1,1,0,1,1,1,1,1,1,1,1,1,1,0,1,0,0,0,1,1,1,1,0,0,0.0,0.0,0.0,0.0,0.0,0.0,2.20498016
14678620,0,1,1,0,1,1,1,1,1,1,1,1,1,1,0,1,0,0,1,0,1,1,1,0,0,0.0,0.0,0.0,0.0,0.0,0.0,2.20484427
12579488,0,1,0,1,1,1,1,1,1,1,1,1,1,0,0,1,0,1,0,1,0,0,0,0,0,0.0,0.0,0.0,0.0,0.0,0.0,2.2047371900000003
10476127,0,1,0,0,1,1,1,1,1,1,1,0,1,1,0,1,0,0,1,0,1,1,1,1,1,0.0,0.0,0.0,0.0,0.0,0.0,2.2046821700000003
16765528,0,1,1,1,1,1,1,1,1,1,1,0,1,0,0,1,0,0,1,0,1,1,0,0,0,0.0,0.0,0.0,0.0,0.0,0.0,2.2045419799999997
18862688,1,0,0,0,1,1,1,1,1,1,1,0,1,0,0,1,0,0,1,1,0,0,0,0,0,0.0,0.0,0.0,0.0,0.0,0.0,2.20453921
31453756,1,1,1,0,1,1,1,1,1,1,1,1,1,0,0,1,0,0,0,1,1,1,1,0,0,0.0,0.0,0.0,0.0,0.0,0.0,2.20439367
30397024,1,1,1,0,0,1,1,1,1,1,1,0,1,0,0,1,0,0,1,1,0,0,0,0,0,0.0,0.0,0.0,0.0,0.0,0.0,2.20428278
31447576,1,1,1,0,1,1,1,1,1,1,1,0,1,1,0,1,0,0,0,0,1,1,0,0,0,0.0,0.0,0.0,0.0,0.0,0.0,2.2041305700000002
10473985,0,1,0,0,1,1,1,1,1,1,1,0,1,0,0,1,0,0,0,0,0,0,0,0,1,0.0,0.0,0.0,0.0,0.0,0.0,2.20405531
28301824,1,1,0,1,0,1,1,1,1,1,1,0,1,1,0,1,0,0,0,0,0,0,0,0,0,0.0,0.0,0.0,0.0,0.0,0.0,2.20404963
17816064,1,0,0,0,0,1,1,1,1,1,1,0,1,1,0,1,0,0,0,0,0,0,0,0,0,0.0,0.0,0.0,0.0,0.0,0.0,2.2039480599999997
18870880,1,0,0,0,1,1,1,1,1,1,1,1,1,0,0,1,0,0,1,1,0,0,0,0,0,0.0,0.0,0.0,0.0,0.0,0.0,2.2038521100000006
16771584,0,1,1,1,1,1,1,1,1,1,1,1,0,1,0,1,0,0,0,0,0,0,0,0,0,0.0,0.0,0.0,0.0,0.0,0.0,2.20382475
33550896,1,1,1,1,1,1,1,1,1,1,1,1,1,0,0,1,0,0,0,1,1,0,0,0,0,0.0,0.0,0.0,0.0,0.0,0.0,2.20375113
33552936,1,1,1,1,1,1,1,1,1,1,1,1,1,1,0,1,0,0,0,1,0,1,0,0,0,0.0,0.0,0.0,0.0,0.0,0.0,2.20360646
33550952,1,1,1,1,1,1,1,1,1,1,1,1,1,0,0,1,0,0,1,1,0,1,0,0,0,0.0,0.0,0.0,0.0,0.0,0.0,2.20357541
14668368,0,1,1,0,1,1,1,1,1,1,1,0,1,0,0,1,0,0,1,0,1,0,0,0,0,0.0,0.0,0.0,0.0,0.0,0.0,2.20353945
9425469,0,1,0,0,0,1,1,1,1,1,1,0,1,0,0,1,0,0,0,1,1,1,1,0,1,0.0,0.0,0.0,0.0,0.0,0.0,2.2035196299999997
31445516,1,1,1,0,1,1,1,1,1,1,1,0,1,0,0,1,0,0,0,0,0,1,1,0,0,0.0,0.0,0.0,0.0,0.0,0.0,2.2034262700000005
10482190,0,1,0,0,1,1,1,1,1,1,1,1,1,0,0,1,0,0,0,0,0,1,1,1,0,0.0,0.0,0.0,0.0,0.0,0.0,2.2033631
12571196,0,1,0,1,1,1,1,1,1,1,1,0,1,0,0,1,0,0,0,1,1,1,1,0,0,0.0,0.0,0.0,0.0,0.0,0.0,2.2032915799999997
10457624,0,1,0,0,1,1,1,1,1,1,0,0,1,0,0,1,0,0,0,0,1,1,0,0,0,0.0,0.0,0.0,0.0,0.0,0.0,2.2031021600000003
9425488,0,1,0,0,0,1,1,1,1,1,1,0,1,0,0,1,0,0,1,0,1,0,0,0,0,0.0,0.0,0.0,0.0,0.0,0.0,2.20305581
10484303,0,1,0,0,1,1,1,1,1,1,1,1,1,1,0,1,0,0,1,0,0,1,1,1,1,0.0,0.0,0.0,0.0,0.0,0.0,2.20283222
10484412,0,1,0,0,1,1,1,1,1,1,1,1,1,1,0,1,0,1,0,1,1,1,1,0,0,0.0,0.0,0.0,0.0,0.0,0.0,2.20242866
15725088,0,1,1,1,0,1,1,1,1,1,1,1,1,0,0,1,0,0,0,1,0,0,0,0,0,0.0,0.0,0.0,0.0,0.0,0.0,2.20206743
14678572,0,1,1,0,1,1,1,1,1,1,1,1,1,1,0,1,0,0,0,1,0,1,1,0,0,0.0,0.0,0.0,0.0,0.0,0.0,2.2020242
11532904,0,1,0,1,0,1,1,1,1,1,1,1,1,1,0,1,0,0,1,1,0,1,0,0,0,0.0,0.0,0.0,0.0,0.0,0.0,2.2019238999999997
12579400,0,1,0,1,1,1,1,1,1,1,1,1,1,0,0,1,0,0,1,0,0,1,0,0,0,0.0,0.0,0.0,0.0,0.0,0.0,2.2018599200000004
14670496,0,1,1,0,1,1,1,1,1,1,1,0,1,1,0,1,0,1,0,1,0,0,0,0,0,0.0,0.0,0.0,0.0,0.0,0.0,2.20184751
9163264,0,1,0,0,0,1,0,1,1,1,1,0,1,0,0,1,0,0,0,0,0,0,0,0,0,0.0,0.0,0.0,0.0,0.0,0.0,2.20179401
16765552,0,1,1,1,1,1,1,1,1,1,1,0,1,0,0,1,0,0,1,1,1,0,0,0,0,0.0,0.0,0.0,0.0,0.0,0.0,2.20178809
23065088,1,0,1,0,1,1,1,1,1,1,1,1,1,0,0,1,0,0,0,0,0,0,0,0,0,0.0,0.0,0.0,0.0,0.0,0.0,2.2017386599999993
31445632,1,1,1,0,1,1,1,1,1,1,1,0,1,0,0,1,0,1,0,0,0,0,0,0,0,0.0,0.0,0.0,0.0,0.0,0.0,2.2016614899999998
14668380,0,1,1,0,1,1,1,1,1,1,1,0,1,0,0,1,0,0,1,0,1,1,1,0,0,0.0,0.0,0.0,0.0,0.0,0.0,2.2015690599999997
18862624,1,0,0,0,1,1,1,1,1,1,1,0,1,0,0,1,0,0,0,1,0,0,0,0,0,0.0,0.0,0.0,0.0,0.0,0.0,2.20156226
16765560,0,1,1,1,1,1,1,1,1,1,1,0,1,0,0,1,0,0,1,1,1,1,0,0,0,0.0,0.0,0.0,0.0,0.0,0.0,2.2015135
13627912,0,1,1,0,0,1,1,1,1,1,1,1,1,0,0,1,0,0,0,0,0,1,0,0,0,0.0,0.0,0.0,0.0,0.0,0.0,2.20128232
33552920,1,1,1,1,1,1,1,1,1,1,1,1,1,1,0,1,0,0,0,0,1,1,0,0,0,0.0,0.0,0.0,0.0,0.0,0.0,2.20125796
31445628,1,1,1,0,1,1,1,1,1,1,1,0,1,0,0,1,0,0,1,1,1,1,1,0,0,0.0,0.0,0.0,0.0,0.0,0.0,2.2011569399999997
31453816,1,1,1,0,1,1,1,1,1,1,1,1,1,0,0,1,0,0,1,1,1,1,0,0,0,0.0,0.0,0.0,0.0,0.0,0.0,2.20112831
12579448,0,1,0,1,1,1,1,1,1,1,1,1,1,0,0,1,0,0,1,1,1,1,0,0,0,0.0,0.0,0.0,0.0,0.0,0.0,2.2010639300000006
10484396,0,1,0,0,1,1,1,1,1,1,1,1,1,1,0,1,0,1,0,1,0,1,1,0,0,0.0,0.0,0.0,0.0,0.0,0.0,2.20103861
16767536,0,1,1,1,1,1,1,1,1,1,1,0,1,1,0,1,0,0,0,1,1,0,0,0,0,0.0,0.0,0.0,0.0,0.0,0.0,2.2008761100000003
10457664,0,1,0,0,1,1,1,1,1,1,0,0,1,0,0,1,0,0,1,0,0,0,0,0,0,0.0,0.0,0.0,0.0,0.0,0.0,2.20055626
26202632,1,1,0,0,0,1,1,1,1,1,1,0,1,0,0,1,0,0,0,0,0,1,0,0,0,0.0,0.0,0.0,0.0,0.0,0.0,2.20047906
14670448,0,1,1,0,1,1,1,1,1,1,1,0,1,1,0,1,0,0,1,1,1,0,0,0,0,0.0,0.0,0.0,0.0,0.0,0.0,2.20036125
14676572,0,1,1,0,1,1,1,1,1,1,1,1,1,0,0,1,0,0,1,0,1,1,1,0,0,0.0,0.0,0.0,0.0,0.0,0.0,2.2001815700000003
16773752,0,1,1,1,1,1,1,1,1,1,1,1,1,0,0,1,0,0,1,1,1,1,0,0,0,0.0,0.0,0.0,0.0,0.0,0.0,2.19992913
10476220,0,1,0,0,1,1,1,1,1,1,1,0,1,1,0,1,0,1,0,1,1,1,1,0,0,0.0,0.0,0.0,0.0,0.0,0.0,2.1997013799999996
27261500,1,1,0,0,1,1,1,1,1,1,1,1,1,1,0,1,0,0,0,1,1,1,1,0,0,0.0,0.0,0.0,0.0,0.0,0.0,2.1995811000000005
15725120,0,1,1,1,0,1,1,1,1,1,1,1,1,0,0,1,0,0,1,0,0,0,0,0,0,0.0,0.0,0.0,0.0,0.0,0.0,2.19952082
33553008,1,1,1,1,1,1,1,1,1,1,1,1,1,1,0,1,0,0,1,1,1,0,0,0,0,0.0,0.0,0.0,0.0,0.0,0.0,2.1994948500000002
10480136,0,1,0,0,1,1,1,1,1,1,1,1,0,1,0,1,0,0,0,0,0,1,0,0,0,0.0,0.0,0.0,0.0,0.0,0.0,2.1993365799999998
32504416,1,1,1,1,0,1,1,1,1,1,1,1,1,1,0,1,0,0,1,1,0,0,0,0,0,0.0,0.0,0.0,0.0,0.0,0.0,2.1992888600000002
18870848,1,0,0,0,1,1,1,1,1,1,1,1,1,0,0,1,0,0,1,0,0,0,0,0,0,0.0,0.0,0.0,0.0,0.0,0.0,2.19914622
10482320,0,1,0,0,1,1,1,1,1,1,1,1,1,0,0,1,0,1,0,0,1,0,0,0,0,0.0,0.0,0.0,0.0,0.0,0.0,2.1990590699999997
2093664,0,0,0,0,1,1,1,1,1,1,1,1,1,0,0,1,0,0,1,1,0,0,0,0,0,0.0,0.0,0.0,0.0,0.0,0.0,2.1990272
10482238,0,1,0,0,1,1,1,1,1,1,1,1,1,0,0,1,0,0,0,1,1,1,1,1,0,0.0,0.0,0.0,0.0,0.0,0.0,2.19871572
14670396,0,1,1,0,1,1,1,1,1,1,1,0,1,1,0,1,0,0,0,1,1,1,1,0,0,0.0,0.0,0.0,0.0,0.0,0.0,2.19871494
31455904,1,1,1,0,1,1,1,1,1,1,1,1,1,1,0,1,0,1,0,1,0,0,0,0,0,0.0,0.0,0.0,0.0,0.0,0.0,2.19869206
27251244,1,1,0,0,1,1,1,1,1,1,1,0,1,0,0,1,0,0,0,1,0,1,1,0,0,0.0,0.0,0.0,0.0,0.0,0.0,2.1985865700000002
26212928,1,1,0,0,0,1,1,1,1,1,1,1,1,1,0,1,0,0,1,0,0,0,0,0,0,0.0,0.0,0.0,0.0,0.0,0.0,2.19852325
10484238,0,1,0,0,1,1,1,1,1,1,1,1,1,1,0,1,0,0,0,0,0,1,1,1,0,0.0,0.0,0.0,0.0,0.0,0.0,2.19851451
10459712,0,1,0,0,1,1,1,1,1,1,0,0,1,1,0,1,0,0,1,0,0,0,0,0,0,0.0,0.0,0.0,0.0,0.0,0.0,2.1984734700000006
18862656,1,0,0,0,1,1,1,1,1,1,1,0,1,0,0,1,0,0,1,0,0,0,0,0,0,0.0,0.0,0.0,0.0,0.0,0.0,2.1982304999999998
27259420,1,1,0,0,1,1,1,1,1,1,1,1,1,0,0,1,0,0,0,0,1,1,1,0,0,0.0,0.0,0.0,0.0,0.0,0.0,2.1980726500000003
2085384,0,0,0,0,1,1,1,1,1,1,1,0,1,0,0,1,0,0,0,0,0,1,0,0,0,0.0,0.0,0.0,0.0,0.0,0.0,2.19802504
31447656,1,1,1,0,1,1,1,1,1,1,1,0,1,1,0,1,0,0,1,1,0,1,0,0,0,0.0,0.0,0.0,0.0,0.0,0.0,2.19794563
10457704,0,1,0,0,1,1,1,1,1,1,0,0,1,0,0,1,0,0,1,1,0,1,0,0,0,0.0,0.0,0.0,0.0,0.0,0.0,2.19793753
10482364,0,1,0,0,1,1,1,1,1,1,1,1,1,0,0,1,0,1,0,1,1,1,1,0,0,0.0,0.0,0.0,0.0,0.0,0.0,2.1977942500000003
16767512,0,1,1,1,1,1,1,1,1,1,1,0,1,1,0,1,0,0,0,0,1,1,0,0,0,0.0,0.0,0.0,0.0,0.0,0.0,2.19778058
26202680,1,1,0,0,0,1,1,1,1,1,1,0,1,0,0,1,0,0,0,1,1,1,0,0,0,0.0,0.0,0.0,0.0,0.0,0.0,2.1977587
13113856,0,1,1,0,0,1,0,0,0,0,0,0,1,1,0,1,0,0,0,0,0,0,0,0,0,0.0,0.0,0.0,0.0,0.0,0.0,2.1976383999999998
27259408,1,1,0,0,1,1,1,1,1,1,1,1,1,0,0,1,0,0,0,0,1,0,0,0,0,0.0,0.0,0.0,0.0,0.0,0.0,2.1976188100000003
27251292,1,1,0,0,1,1,1,1,1,1,1,0,1,0,0,1,0,0,1,0,1,1,1,0,0,0.0,0.0,0.0,0.0,0.0,0.0,2.1973651899999997
8387072,0,0,1,1,1,1,1,1,1,1,1,1,1,1,0,1,0,0,0,0,0,0,0,0,0,0.0,0.0,0.0,0.0,0.0,0.0,2.19725063
18870816,1,0,0,0,1,1,1,1,1,1,1,1,1,0,0,1,0,0,0,1,0,0,0,0,0,0.0,0.0,0.0,0.0,0.0,0.0,2.1972270600000003
10476168,0,1,0,0,1,1,1,1,1,1,1,0,1,1,0,1,0,1,0,0,0,1,0,0,0,0.0,0.0,0.0,0.0,0.0,0.0,2.1971455299999993
9435676,0,1,0,0,0,1,1,1,1,1,1,1,1,1,0,1,0,0,0,0,1,1,1,0,0,0.0,0.0,0.0,0.0,0.0,0.0,2.19702787
2095648,0,0,0,0,1,1,1,1,1,1,1,1,1,1,0,1,0,0,0,1,0,0,0,0,0,0.0,0.0,0.0,0.0,0.0,0.0,2.19699836
14668351,0,1,1,0,1,1,1,1,1,1,1,0,1,0,0,1,0,0,0,1,1,1,1,1,1,0.0,0.0,0.0,0.0,0.0,0.0,2.19686782
18872864,1,0,0,0,1,1,1,1,1,1,1,1,1,1,0,1,0,0,0,1,0,0,0,0,0,0.0,0.0,0.0,0.0,0.0,0.0,2.19686284
10484380,0,1,0,0,1,1,1,1,1,1,1,1,1,1,0,1,0,1,0,0,1,1,1,0,0,0.0,0.0,0.0,0.0,0.0,0.0,2.1966286800000003
16749056,0,1,1,1,1,1,1,1,1,1,0,0,1,0,0,1,0,0,0,0,0,0,0,0,0,0.0,0.0,0.0,0.0,0.0,0.0,2.1964845
16765600,0,1,1,1,1,1,1,1,1,1,1,0,1,0,0,1,0,1,0,1,0,0,0,0,0,0.0,0.0,0.0,0.0,0.0,0.0,2.19630131
9435692,0,1,0,0,0,1,1,1,1,1,1,1,1,1,0,1,0,0,0,1,0,1,1,0,0,0.0,0.0,0.0,0.0,0.0,0.0,2.19626654
16767592,0,1,1,1,1,1,1,1,1,1,1,0,1,1,0,1,0,0,1,1,0,1,0,0,0,0.0,0.0,0.0,0.0,0.0,0.0,2.19605087
9433644,0,1,0,0,0,1,1,1,1,1,1,1,1,0,0,1,0,0,0,1,0,1,1,0,0,0.0,0.0,0.0,0.0,0.0,0.0,2.19604611
16773644,0,1,1,1,1,1,1,1,1,1,1,1,1,0,0,1,0,0,0,0,0,1,1,0,0,0.0,0.0,0.0,0.0,0.0,0.0,2.19602201
9425532,0,1,0,0,0,1,1,1,1,1,1,0,1,0,0,1,0,0,1,1,1,1,1,0,0,0.0,0.0,0.0,0.0,0.0,0.0,2.1960095100000006
10474128,0,1,0,0,1,1,1,1,1,1,1,0,1,0,0,1,0,1,0,0,1,0,0,0,0,0.0,0.0,0.0,0.0,0.0,0.0,2.1959971400000002
10426880,0,1,0,0,1,1,1,1,1,0,0,0,1,1,0,1,0,0,0,0,0,0,0,0,0,0.0,0.0,0.0,0.0,0.0,0.0,2.195868
14678636,0,1,1,0,1,1,1,1,1,1,1,1,1,1,0,1,0,0,1,1,0,1,1,0,0,0.0,0.0,0.0,0.0,0.0,0.0,2.19584707
11524704,0,1,0,1,0,1,1,1,1,1,1,0,1,1,0,1,0,0,1,1,0,0,0,0,0,0.0,0.0,0.0,0.0,0.0,0.0,2.1956688899999994
16775740,0,1,1,1,1,1,1,1,1,1,1,1,1,1,0,1,0,0,0,1,1,1,1,0,0,0.0,0.0,0.0,0.0,0.0,0.0,2.1955381599999995
27261512,1,1,0,0,1,1,1,1,1,1,1,1,1,1,0,1,0,0,1,0,0,1,0,0,0,0.0,0.0,0.0,0.0,0.0,0.0,2.19552351
25694720,1,1,0,0,0,1,0,0,0,0,0,0,1,0,0,1,0,0,0,0,0,0,0,0,0,0.0,0.0,0.0,0.0,0.0,0.0,2.1953823999999997
6279680,0,0,1,0,1,1,1,1,1,1,1,0,1,0,0,1,0,0,0,0,0,0,0,0,0,0.0,0.0,0.0,0.0,0.0,0.0,2.1949641000000004
31449600,1,1,1,0,1,1,1,1,1,1,1,1,0,0,0,1,0,0,0,0,0,0,0,0,0,0.0,0.0,0.0,0.0,0.0,0.0,2.1949631199999997
14678652,0,1,1,0,1,1,1,1,1,1,1,1,1,1,0,1,0,0,1,1,1,1,1,0,0,0.0,0.0,0.0,0.0,0.0,0.0,2.1948324599999998
14670348,0,1,1,0,1,1,1,1,1,1,1,0,1,1,0,1,0,0,0,0,0,1,1,0,0,0.0,0.0,0.0,0.0,0.0,0.0,2.1946705
30407264,1,1,1,0,0,1,1,1,1,1,1,1,1,1,0,1,0,0,1,1,0,0,0,0,0,0.0,0.0,0.0,0.0,0.0,0.0,2.1946441400000003
14676604,0,1,1,0,1,1,1,1,1,1,1,1,1,0,0,1,0,0,1,1,1,1,1,0,0,0.0,0.0,0.0,0.0,0.0,0.0,2.19450446
33552984,1,1,1,1,1,1,1,1,1,1,1,1,1,1,0,1,0,0,1,0,1,1,0,0,0,0.0,0.0,0.0,0.0,0.0,0.0,2.1944739899999997
10476077,0,1,0,0,1,1,1,1,1,1,1,0,1,1,0,1,0,0,0,1,0,1,1,0,1,0.0,0.0,0.0,0.0,0.0,0.0,2.1943865899999997
33542784,1,1,1,1,1,1,1,1,1,1,1,0,1,0,0,1,0,1,0,0,0,0,0,0,0,0.0,0.0,0.0,0.0,0.0,0.0,2.19433989
31447672,1,1,1,0,1,1,1,1,1,1,1,0,1,1,0,1,0,0,1,1,1,1,0,0,0,0.0,0.0,0.0,0.0,0.0,0.0,2.1942376599999998
27261600,1,1,0,0,1,1,1,1,1,1,1,1,1,1,0,1,0,1,0,1,0,0,0,0,0,0.0,0.0,0.0,0.0,0.0,0.0,2.19423132
10480192,0,1,0,0,1,1,1,1,1,1,1,1,0,1,0,1,0,0,1,0,0,0,0,0,0,0.0,0.0,0.0,0.0,0.0,0.0,2.1942142099999997
33552912,1,1,1,1,1,1,1,1,1,1,1,1,1,1,0,1,0,0,0,0,1,0,0,0,0,0.0,0.0,0.0,0.0,0.0,0.0,2.19413119
10469952,0,1,0,0,1,1,1,1,1,1,1,0,0,0,0,1,0,0,1,0,0,0,0,0,0,0.0,0.0,0.0,0.0,0.0,0.0,2.19404333
10474014,0,1,0,0,1,1,1,1,1,1,1,0,1,0,0,1,0,0,0,0,1,1,1,1,0,0.0,0.0,0.0,0.0,0.0,0.0,2.19391969
10476256,0,1,0,0,1,1,1,1,1,1,1,0,1,1,0,1,0,1,1,1,0,0,0,0,0,0.0,0.0,0.0,0.0,0.0,0.0,2.1938357799999997
27261456,1,1,0,0,1,1,1,1,1,1,1,1,1,1,0,1,0,0,0,0,1,0,0,0,0,0.0,0.0,0.0,0.0,0.0,0.0,2.19373255
8917536,0,1,0,0,0,1,0,0,0,0,0,0,1,0,0,1,0,0,0,1,0,0,0,0,0,0.0,0.0,0.0,0.0,0.0,0.0,2.19371712
10459656,0,1,0,0,1,1,1,1,1,1,0,0,1,1,0,1,0,0,0,0,0,1,0,0,0,0.0,0.0,0.0,0.0,0.0,0.0,2.19365858
11014656,0,1,0,1,0,1,0,0,0,0,0,0,1,0,0,1,0,0,0,0,0,0,0,0,0,0.0,0.0,0.0,0.0,0.0,0.0,2.19348171
10424832,0,1,0,0,1,1,1,1,1,0,0,0,1,0,0,1,0,0,0,0,0,0,0,0,0,0.0,0.0,0.0,0.0,0.0,0.0,2.1933130499999995
12571296,0,1,0,1,1,1,1,1,1,1,1,0,1,0,0,1,0,1,0,1,0,0,0,0,0,0.0,0.0,0.0,0.0,0.0,0.0,2.19326304
10474175,0,1,0,0,1,1,1,1,1,1,1,0,1,0,0,1,0,1,0,1,1,1,1,1,1,0.0,0.0,0.0,0.0,0.0,0.0,2.1932390600000002
12573208,0,1,0,1,1,1,1,1,1,1,1,0,1,1,0,1,0,0,0,0,1,1,0,0,0,0.0,0.0,0.0,0.0,0.0,0.0,2.19288783
33550904,1,1,1,1,1,1,1,1,1,1,1,1,1,0,0,1,0,0,0,1,1,1,0,0,0,0.0,0.0,0.0,0.0,0.0,0.0,2.1928384999999997
33550872,1,1,1,1,1,1,1,1,1,1,1,1,1,0,0,1,0,0,0,0,1,1,0,0,0,0.0,0.0,0.0,0.0,0.0,0.0,2.1928326599999997
10484286,0,1,0,0,1,1,1,1,1,1,1,1,1,1,0,1,0,0,0,1,1,1,1,1,0,0.0,0.0,0.0,0.0,0.0,0.0,2.1927756900000004
27251360,1,1,0,0,1,1,1,1,1,1,1,0,1,0,0,1,0,1,0,1,0,0,0,0,0,0.0,0.0,0.0,0.0,0.0,0.0,2.1925301900000003
10474110,0,1,0,0,1,1,1,1,1,1,1,0,1,0,0,1,0,0,1,1,1,1,1,1,0,0.0,0.0,0.0,0.0,0.0,0.0,2.19233986
10483712,0,1,0,0,1,1,1,1,1,1,1,1,1,1,0,0,0,0,0,0,0,0,0,0,0,0.0,0.0,0.0,0.0,0.0,0.0,2.1923179
10482206,0,1,0,0,1,1,1,1,1,1,1,1,1,0,0,1,0,0,0,0,1,1,1,1,0,0.0,0.0,0.0,0.0,0.0,0.0,2.19231544
10478104,0,1,0,0,1,1,1,1,1,1,1,1,0,0,0,1,0,0,0,0,1,1,0,0,0,0.0,0.0,0.0,0.0,0.0,0.0,2.1922961899999995
9179648,0,1,0,0,0,1,1,0,0,0,0,0,1,0,0,1,0,0,0,0,0,0,0,0,0,0.0,0.0,0.0,0.0,0.0,0.0,2.19217647
12571152,0,1,0,1,1,1,1,1,1,1,1,0,1,0,0,1,0,0,0,0,1,0,0,0,0,0.0,0.0,0.0,0.0,0.0,0.0,2.1921043600000005
27234816,1,1,0,0,1,1,1,1,1,1,0,0,1,0,0,1,0,0,0,0,0,0,0,0,0,0.0,0.0,0.0,0.0,0.0,0.0,2.1920936400000004
10457648,0,1,0,0,1,1,1,1,1,1,0,0,1,0,0,1,0,0,0,1,1,0,0,0,0,0.0,0.0,0.0,0.0,0.0,0.0,2.19209055
31447680,1,1,1,0,1,1,1,1,1,1,1,0,1,1,0,1,0,1,0,0,0,0,0,0,0,0.0,0.0,0.0,0.0,0.0,0.0,2.1920240800000004
12571148,0,1,0,1,1,1,1,1,1,1,1,0,1,0,0,1,0,0,0,0,0,1,1,0,0,0.0,0.0,0.0,0.0,0.0,0.0,2.1920043799999998
14676524,0,1,1,0,1,1,1,1,1,1,1,1,1,0,0,1,0,0,0,1,0,1,1,0,0,0.0,0.0,0.0,0.0,0.0,0.0,2.1919692699999995
14144000,0,1,1,0,1,0,1,1,1,1,1,0,1,0,0,1,0,0,0,0,0,0,0,0,0,0.0,0.0,0.0,0.0,0.0,0.0,2.19179933
12571164,0,1,0,1,1,1,1,1,1,1,1,0,1,0,0,1,0,0,0,0,1,1,1,0,0,0.0,0.0,0.0,0.0,0.0,0.0,2.1917101299999997
10220032,0,1,0,0,1,1,0,1,1,1,1,1,1,0,0,1,0,0,0,0,0,0,0,0,0,0.0,0.0,0.0,0.0,0.0,0.0,2.19170034
32504352,1,1,1,1,0,1,1,1,1,1,1,1,1,1,0,1,0,0,0,1,0,0,0,0,0,0.0,0.0,0.0,0.0,0.0,0.0,2.19169378
18872896,1,0,0,0,1,1,1,1,1,1,1,1,1,1,0,1,0,0,1,0,0,0,0,0,0,0.0,0.0,0.0,0.0,0.0,0.0,2.19154444
10457688,0,1,0,0,1,1,1,1,1,1,0,0,1,0,0,1,0,0,1,0,1,1,0,0,0,0.0,0.0,0.0,0.0,0.0,0.0,2.19122575
31455772,1,1,1,0,1,1,1,1,1,1,1,1,1,1,0,1,0,0,0,0,1,1,1,0,0,0.0,0.0,0.0,0.0,0.0,0.0,2.1911188600000004
14664192,0,1,1,0,1,1,1,1,1,1,1,0,0,0,0,1,0,0,0,0,0,0,0,0,0,0.0,0.0,0.0,0.0,0.0,0.0,2.19107224
31455760,1,1,1,0,1,1,1,1,1,1,1,1,1,1,0,1,0,0,0,0,1,0,0,0,0,0.0,0.0,0.0,0.0,0.0,0.0,2.1910692999999997
33542704,1,1,1,1,1,1,1,1,1,1,1,0,1,0,0,1,0,0,0,1,1,0,0,0,0,0.0,0.0,0.0,0.0,0.0,0.0,2.1908732599999996
16765456,0,1,1,1,1,1,1,1,1,1,1,0,1,0,0,1,0,0,0,0,1,0,0,0,0,0.0,0.0,0.0,0.0,0.0,0.0,2.1908600599999994
10474140,0,1,0,0,1,1,1,1,1,1,1,0,1,0,0,1,0,1,0,0,1,1,1,0,0,0.0,0.0,0.0,0.0,0.0,0.0,2.19078083
10230272,0,1,0,0,1,1,1,0,0,0,0,0,1,1,0,1,0,0,0,0,0,0,0,0,0,0.0,0.0,0.0,0.0,0.0,0.0,2.19076582
10484456,0,1,0,0,1,1,1,1,1,1,1,1,1,1,0,1,0,1,1,1,0,1,0,0,0,0.0,0.0,0.0,0.0,0.0,0.0,2.19075281
27251327,1,1,0,0,1,1,1,1,1,1,1,0,1,0,0,1,0,0,1,1,1,1,1,1,1,0.0,0.0,0.0,0.0,0.0,0.0,2.1906980399999996
31447600,1,1,1,0,1,1,1,1,1,1,1,0,1,1,0,1,0,0,0,1,1,0,0,0,0,0.0,0.0,0.0,0.0,0.0,0.0,2.19049363
10476125,0,1,0,0,1,1,1,1,1,1,1,0,1,1,0,1,0,0,1,0,1,1,1,0,1,0.0,0.0,0.0,0.0,0.0,0.0,2.19048651
10469896,0,1,0,0,1,1,1,1,1,1,1,0,0,0,0,1,0,0,0,0,0,1,0,0,0,0.0,0.0,0.0,0.0,0.0,0.0,2.1904027
33542712,1,1,1,1,1,1,1,1,1,1,1,0,1,0,0,1,0,0,0,1,1,1,0,0,0,0.0,0.0,0.0,0.0,0.0,0.0,2.1903560699999995
27251280,1,1,0,0,1,1,1,1,1,1,1,0,1,0,0,1,0,0,1,0,1,0,0,0,0,0.0,0.0,0.0,0.0,0.0,0.0,2.1903358600000002
12581404,0,1,0,1,1,1,1,1,1,1,1,1,1,1,0,1,0,0,0,0,1,1,1,0,0,0.0,0.0,0.0,0.0,0.0,0.0,2.19031982
27261548,1,1,0,0,1,1,1,1,1,1,1,1,1,1,0,1,0,0,1,1,0,1,1,0,0,0.0,0.0,0.0,0.0,0.0,0.0,2.1903049599999997
14670364,0,1,1,0,1,1,1,1,1,1,1,0,1,1,0,1,0,0,0,0,1,1,1,0,0,0.0,0.0,0.0,0.0,0.0,0.0,2.1902451199999997
27259464,1,1,0,0,1,1,1,1,1,1,1,1,1,0,0,1,0,0,1,0,0,1,0,0,0,0.0,0.0,0.0,0.0,0.0,0.0,2.19014974
32494176,1,1,1,1,0,1,1,1,1,1,1,0,1,0,0,1,0,0,1,1,0,0,0,0,0,0.0,0.0,0.0,0.0,0.0,0.0,2.19011857
31453808,1,1,1,0,1,1,1,1,1,1,1,1,1,0,0,1,0,0,1,1,1,0,0,0,0,0.0,0.0,0.0,0.0,0.0,0.0,2.19008085
2095624,0,0,0,0,1,1,1,1,1,1,1,1,1,1,0,1,0,0,0,0,0,1,0,0,0,0.0,0.0,0.0,0.0,0.0,0.0,2.18999933
12581456,0,1,0,1,1,1,1,1,1,1,1,1,1,1,0,1,0,0,1,0,1,0,0,0,0,0.0,0.0,0.0,0.0,0.0,0.0,2.1898689100000004
9165312,0,1,0,0,0,1,0,1,1,1,1,0,1,1,0,1,0,0,0,0,0,0,0,0,0,0.0,0.0,0.0,0.0,0.0,0.0,2.18978053
16767544,0,1,1,1,1,1,1,1,1,1,1,0,1,1,0,1,0,0,0,1,1,1,0,0,0,0.0,0.0,0.0,0.0,0.0,0.0,2.1896937199999997
10474089,0,1,0,0,1,1,1,1,1,1,1,0,1,0,0,1,0,0,1,1,0,1,0,0,1,0.0,0.0,0.0,0.0,0.0,0.0,2.1895896
16767528,0,1,1,1,1,1,1,1,1,1,1,0,1,1,0,1,0,0,0,1,0,1,0,0,0,0.0,0.0,0.0,0.0,0.0,0.0,2.18953671
10474200,0,1,0,0,1,1,1,1,1,1,1,0,1,0,0,1,0,1,1,0,1,1,0,0,0,0.0,0.0,0.0,0.0,0.0,0.0,2.18918321
9425500,0,1,0,0,0,1,1,1,1,1,1,0,1,0,0,1,0,0,1,0,1,1,1,0,0,0.0,0.0,0.0,0.0,0.0,0.0,2.1889669300000003
31445567,1,1,1,0,1,1,1,1,1,1,1,0,1,0,0,1,0,0,0,1,1,1,1,1,1,0.0,0.0,0.0,0.0,0.0,0.0,2.1887588100000004
9171456,0,1,0,0,0,1,0,1,1,1,1,1,1,0,0,1,0,0,0,0,0,0,0,0,0,0.0,0.0,0.0,0.0,0.0,0.0,2.18859955
30407200,1,1,1,0,0,1,1,1,1,1,1,1,1,1,0,1,0,0,0,1,0,0,0,0,0,0.0,0.0,0.0,0.0,0.0,0.0,2.1885946400000007
12581436,0,1,0,1,1,1,1,1,1,1,1,1,1,1,0,1,0,0,0,1,1,1,1,0,0,0.0,0.0,0.0,0.0,0.0,0.0,2.18856198
14146048,0,1,1,0,1,0,1,1,1,1,1,0,1,1,0,1,0,0,0,0,0,0,0,0,0,0.0,0.0,0.0,0.0,0.0,0.0,2.1883102199999995
33553056,1,1,1,1,1,1,1,1,1,1,1,1,1,1,0,1,0,1,0,1,0,0,0,0,0,0.0,0.0,0.0,0.0,0.0,0.0,2.18829755
33552968,1,1,1,1,1,1,1,1,1,1,1,1,1,1,0,1,0,0,1,0,0,1,0,0,0,0.0,0.0,0.0,0.0,0.0,0.0,2.18821342
10484364,0,1,0,0,1,1,1,1,1,1,1,1,1,1,0,1,0,1,0,0,0,1,1,0,0,0.0,0.0,0.0,0.0,0.0,0.0,2.1881007099999996
29348448,1,1,0,1,1,1,1,1,1,1,1,0,1,0,0,1,0,0,1,1,0,0,0,0,0,0.0,0.0,0.0,0.0,0.0,0.0,2.18805699
31455816,1,1,1,0,1,1,1,1,1,1,1,1,1,1,0,1,0,0,1,0,0,1,0,0,0,0.0,0.0,0.0,0.0,0.0,0.0,2.1880519
29348384,1,1,0,1,1,1,1,1,1,1,1,0,1,0,0,1,0,0,0,1,0,0,0,0,0,0.0,0.0,0.0,0.0,0.0,0.0,2.1880114199999996
12573312,0,1,0,1,1,1,1,1,1,1,1,0,1,1,0,1,0,1,0,0,0,0,0,0,0,0.0,0.0,0.0,0.0,0.0,0.0,2.18784814
14668332,0,1,1,0,1,1,1,1,1,1,1,0,1,0,0,1,0,0,0,1,0,1,1,0,0,0.0,0.0,0.0,0.0,0.0,0.0,2.18778371
10473998,0,1,0,0,1,1,1,1,1,1,1,0,1,0,0,1,0,0,0,0,0,1,1,1,0,0.0,0.0,0.0,0.0,0.0,0.0,2.18775371
27261468,1,1,0,0,1,1,1,1,1,1,1,1,1,1,0,1,0,0,0,0,1,1,1,0,0,0.0,0.0,0.0,0.0,0.0,0.0,2.18758629
15719008,0,1,1,1,0,1,1,1,1,1,1,0,1,1,0,1,0,0,1,1,0,0,0,0,0,0.0,0.0,0.0,0.0,0.0,0.0,2.18746759
2095680,0,0,0,0,1,1,1,1,1,1,1,1,1,1,0,1,0,0,1,0,0,0,0,0,0,0.0,0.0,0.0,0.0,0.0,0.0,2.1874645999999998
10484440,0,1,0,0,1,1,1,1,1,1,1,1,1,1,0,1,0,1,1,0,1,1,0,0,0,0.0,0.0,0.0,0.0,0.0,0.0,2.1872665700000002
10482348,0,1,0,0,1,1,1,1,1,1,1,1,1,0,0,1,0,1,0,1,0,1,1,0,0,0.0,0.0,0.0,0.0,0.0,0.0,2.18725673
26202648,1,1,0,0,0,1,1,1,1,1,1,0,1,0,0,1,0,0,0,0,1,1,0,0,0,0.0,0.0,0.0,0.0,0.0,0.0,2.1871683099999997
12579388,0,1,0,1,1,1,1,1,1,1,1,1,1,0,0,1,0,0,0,1,1,1,1,0,0,0.0,0.0,0.0,0.0,0.0,0.0,2.18707656
2093576,0,0,0,0,1,1,1,1,1,1,1,1,1,0,0,1,0,0,0,0,0,1,0,0,0,0.0,0.0,0.0,0.0,0.0,0.0,2.18700033
30396992,1,1,1,0,0,1,1,1,1,1,1,0,1,0,0,1,0,0,1,0,0,0,0,0,0,0.0,0.0,0.0,0.0,0.0,0.0,2.18697345
10474184,0,1,0,0,1,1,1,1,1,1,1,0,1,0,0,1,0,1,1,0,0,1,0,0,0,0.0,0.0,0.0,0.0,0.0,0.0,2.1869106500000006
10482177,0,1,0,0,1,1,1,1,1,1,1,1,1,0,0,1,0,0,0,0,0,0,0,0,1,0.0,0.0,0.0,0.0,0.0,0.0,2.1867131100000003
10484225,0,1,0,0,1,1,1,1,1,1,1,1,1,1,0,1,0,0,0,0,0,0,0,0,1,0.0,0.0,0.0,0.0,0.0,0.0,2.18654671
12573232,0,1,0,1,1,1,1,1,1,1,1,0,1,1,0,1,0,0,0,1,1,0,0,0,0,0.0,0.0,0.0,0.0,0.0,0.0,2.18653205
11522584,0,1,0,1,0,1,1,1,1,1,1,0,1,0,0,1,0,0,0,0,1,1,0,0,0,0.0,0.0,0.0,0.0,0.0,0.0,2.1863804900000003
9427528,0,1,0,0,0,1,1,1,1,1,1,0,1,1,0,1,0,0,1,0,0,1,0,0,0,0.0,0.0,0.0,0.0,0.0,0.0,2.18619601
12571208,0,1,0,1,1,1,1,1,1,1,1,0,1,0,0,1,0,0,1,0,0,1,0,0,0,0.0,0.0,0.0,0.0,0.0,0.0,2.1861545999999996
29356640,1,1,0,1,1,1,1,1,1,1,1,1,1,0,0,1,0,0,1,1,0,0,0,0,0,0.0,0.0,0.0,0.0,0.0,0.0,2.1859351
27253376,1,1,0,0,1,1,1,1,1,1,1,0,1,1,0,1,0,1,0,0,0,0,0,0,0,0.0,0.0,0.0,0.0,0.0,0.0,2.18590654
12573288,0,1,0,1,1,1,1,1,1,1,1,0,1,1,0,1,0,0,1,1,0,1,0,0,0,0.0,0.0,0.0,0.0,0.0,0.0,2.1858882700000004
2085408,0,0,0,0,1,1,1,1,1,1,1,0,1,0,0,1,0,0,0,1,0,0,0,0,0,0.0,0.0,0.0,0.0,0.0,0.0,2.18581801
14154240,0,1,1,0,1,0,1,1,1,1,1,1,1,1,0,1,0,0,0,0,0,0,0,0,0,0.0,0.0,0.0,0.0,0.0,0.0,2.18578981
33550888,1,1,1,1,1,1,1,1,1,1,1,1,1,0,0,1,0,0,0,1,0,1,0,0,0,0.0,0.0,0.0,0.0,0.0,0.0,2.1857862900000002
13619760,0,1,1,0,0,1,1,1,1,1,1,0,1,0,0,1,0,0,0,1,1,0,0,0,0,0.0,0.0,0.0,0.0,0.0,0.0,2.18553257
27259436,1,1,0,0,1,1,1,1,1,1,1,1,1,0,0,1,0,0,0,1,0,1,1,0,0,0.0,0.0,0.0,0.0,0.0,0.0,2.1854105400000003
9427484,0,1,0,0,0,1,1,1,1,1,1,0,1,1,0,1,0,0,0,0,1,1,1,0,0,0.0,0.0,0.0,0.0,0.0,0.0,2.18533847
33542760,1,1,1,1,1,1,1,1,1,1,1,0,1,0,0,1,0,0,1,1,0,1,0,0,0,0.0,0.0,0.0,0.0,0.0,0.0,2.18510329
9425452,0,1,0,0,0,1,1,1,1,1,1,0,1,0,0,1,0,0,0,1,0,1,1,0,0,0.0,0.0,0.0,0.0,0.0,0.0,2.18504395
33542680,1,1,1,1,1,1,1,1,1,1,1,0,1,0,0,1,0,0,0,0,1,1,0,0,0,0.0,0.0,0.0,0.0,0.0,0.0,2.1849154299999998
10484254,0,1,0,0,1,1,1,1,1,1,1,1,1,1,0,1,0,0,0,0,1,1,1,1,0,0.0,0.0,0.0,0.0,0.0,0.0,2.18490143
12579408,0,1,0,1,1,1,1,1,1,1,1,1,1,0,0,1,0,0,1,0,1,0,0,0,0,0.0,0.0,0.0,0.0,0.0,0.0,2.1848278199999998
10474105,0,1,0,0,1,1,1,1,1,1,1,0,1,0,0,1,0,0,1,1,1,1,0,0,1,0.0,0.0,0.0,0.0,0.0,0.0,2.1847274600000004
12579356,0,1,0,1,1,1,1,1,1,1,1,1,1,0,0,1,0,0,0,0,1,1,1,0,0,0.0,0.0,0.0,0.0,0.0,0.0,2.1846517400000005
31453724,1,1,1,0,1,1,1,1,1,1,1,1,1,0,0,1,0,0,0,0,1,1,1,0,0,0.0,0.0,0.0,0.0,0.0,0.0,2.1845138000000004
8385024,0,0,1,1,1,1,1,1,1,1,1,1,1,0,0,1,0,0,0,0,0,0,0,0,0,0.0,0.0,0.0,0.0,0.0,0.0,2.1844223300000003
9427516,0,1,0,0,0,1,1,1,1,1,1,0,1,1,0,1,0,0,0,1,1,1,1,0,0,0.0,0.0,0.0,0.0,0.0,0.0,2.18419911
27251308,1,1,0,0,1,1,1,1,1,1,1,0,1,0,0,1,0,0,1,1,0,1,1,0,0,0.0,0.0,0.0,0.0,0.0,0.0,2.18392128
14668415,0,1,1,0,1,1,1,1,1,1,1,0,1,0,0,1,0,0,1,1,1,1,1,1,1,0.0,0.0,0.0,0.0,0.0,0.0,2.1837792800000004
29358688,1,1,0,1,1,1,1,1,1,1,1,1,1,1,0,1,0,0,1,1,0,0,0,0,0,0.0,0.0,0.0,0.0,0.0,0.0,2.18361711
2093600,0,0,0,0,1,1,1,1,1,1,1,1,1,0,0,1,0,0,0,1,0,0,0,0,0,0.0,0.0,0.0,0.0,0.0,0.0,2.1836001300000003
33553016,1,1,1,1,1,1,1,1,1,1,1,1,1,1,0,1,0,0,1,1,1,1,0,0,0,0.0,0.0,0.0,0.0,0.0,0.0,2.1835904900000003
9423360,0,1,0,0,0,1,1,1,1,1,1,0,0,1,0,1,0,0,0,0,0,0,0,0,0,0.0,0.0,0.0,0.0,0.0,0.0,2.18343659
27253360,1,1,0,0,1,1,1,1,1,1,1,0,1,1,0,1,0,0,1,1,1,0,0,0,0,0.0,0.0,0.0,0.0,0.0,0.0,2.18341801
33552976,1,1,1,1,1,1,1,1,1,1,1,1,1,1,0,1,0,0,1,0,1,0,0,0,0,0.0,0.0,0.0,0.0,0.0,0.0,2.18337688
12573240,0,1,0,1,1,1,1,1,1,1,1,0,1,1,0,1,0,0,0,1,1,1,0,0,0,0.0,0.0,0.0,0.0,0.0,0.0,2.1831401
27261484,1,1,0,0,1,1,1,1,1,1,1,1,1,1,0,1,0,0,0,1,0,1,1,0,0,0.0,0.0,0.0,0.0,0.0,0.0,2.18292935
2093632,0,0,0,0,1,1,1,1,1,1,1,1,1,0,0,1,0,0,1,0,0,0,0,0,0,0.0,0.0,0.0,0.0,0.0,0.0,2.18273639
30405216,1,1,1,0,0,1,1,1,1,1,1,1,1,0,0,1,0,0,1,1,0,0,0,0,0,0.0,0.0,0.0,0.0,0.0,0.0,2.18271991
32504384,1,1,1,1,0,1,1,1,1,1,1,1,1,1,0,1,0,0,1,0,0,0,0,0,0,0.0,0.0,0.0,0.0,0.0,0.0,2.1826346400000003
31447612,1,1,1,0,1,1,1,1,1,1,1,0,1,1,0,1,0,0,0,1,1,1,1,0,0,0.0,0.0,0.0,0.0,0.0,0.0,2.1826230200000003
6281728,0,0,1,0,1,1,1,1,1,1,1,0,1,1,0,1,0,0,0,0,0,0,0,0,0,0.0,0.0,0.0,0.0,0.0,0.0,2.18259094
31453712,1,1,1,0,1,1,1,1,1,1,1,1,1,0,0,1,0,0,0,0,1,0,0,0,0,0.0,0.0,0.0,0.0,0.0,0.0,2.1825281500000004
13619768,0,1,1,0,0,1,1,1,1,1,1,0,1,0,0,1,0,0,0,1,1,1,0,0,0,0.0,0.0,0.0,0.0,0.0,0.0,2.18252803
16773692,0,1,1,1,1,1,1,1,1,1,1,1,1,0,0,1,0,0,0,1,1,1,1,0,0,0.0,0.0,0.0,0.0,0.0,0.0,2.1824717399999995
10457640,0,1,0,0,1,1,1,1,1,1,0,0,1,0,0,1,0,0,0,1,0,1,0,0,0,0.0,0.0,0.0,0.0,0.0,0.0,2.1823871799999996
10484424,0,1,0,0,1,1,1,1,1,1,1,1,1,1,0,1,0,1,1,0,0,1,0,0,0,0.0,0.0,0.0,0.0,0.0,0.0,2.1823568800000004
30405152,1,1,1,0,0,1,1,1,1,1,1,1,1,0,0,1,0,0,0,1,0,0,0,0,0,0.0,0.0,0.0,0.0,0.0,0.0,2.18213869
27253336,1,1,0,0,1,1,1,1,1,1,1,0,1,1,0,1,0,0,1,0,1,1,0,0,0,0.0,0.0,0.0,0.0,0.0,0.0,2.18200712
10474216,0,1,0,0,1,1,1,1,1,1,1,0,1,0,0,1,0,1,1,1,0,1,0,0,0,0.0,0.0,0.0,0.0,0.0,0.0,2.18192173
30407232,1,1,1,0,0,1,1,1,1,1,1,1,1,1,0,1,0,0,1,0,0,0,0,0,0,0.0,0.0,0.0,0.0,0.0,0.0,2.1818753999999996
14668396,0,1,1,0,1,1,1,1,1,1,1,0,1,0,0,1,0,0,1,1,0,1,1,0,0,0.0,0.0,0.0,0.0,0.0,0.0,2.18175539
16767648,0,1,1,1,1,1,1,1,1,1,1,0,1,1,0,1,0,1,0,1,0,0,0,0,0,0.0,0.0,0.0,0.0,0.0,0.0,2.18169044
31445596,1,1,1,0,1,1,1,1,1,1,1,0,1,0,0,1,0,0,1,0,1,1,1,0,0,0.0,0.0,0.0,0.0,0.0,0.0,2.1816528800000006
26210824,1,1,0,0,0,1,1,1,1,1,1,1,1,0,0,1,0,0,0,0,0,1,0,0,0,0.0,0.0,0.0,0.0,0.0,0.0,2.18158891
9435756,0,1,0,0,0,1,1,1,1,1,1,1,1,1,0,1,0,0,1,1,0,1,1,0,0,0.0,0.0,0.0,0.0,0.0,0.0,2.18151677
16765512,0,1,1,1,1,1,1,1,1,1,1,0,1,0,0,1,0,0,1,0,0,1,0,0,0,0.0,0.0,0.0,0.0,0.0,0.0,2.1815060400000004
33550960,1,1,1,1,1,1,1,1,1,1,1,1,1,0,0,1,0,0,1,1,1,0,0,0,0,0.0,0.0,0.0,0.0,0.0,0.0,2.18137978
14676588,0,1,1,0,1,1,1,1,1,1,1,1,1,0,0,1,0,0,1,1,0,1,1,0,0,0.0,0.0,0.0,0.0,0.0,0.0,2.1813439999999997
14678604,0,1,1,0,1,1,1,1,1,1,1,1,1,1,0,1,0,0,1,0,0,1,1,0,0,0.0,0.0,0.0,0.0,0.0,0.0,2.18115955
27259516,1,1,0,0,1,1,1,1,1,1,1,1,1,0,0,1,0,0,1,1,1,1,1,0,0,0.0,0.0,0.0,0.0,0.0,0.0,2.1811491300000005
11524640,0,1,0,1,0,1,1,1,1,1,1,0,1,1,0,1,0,0,0,1,0,0,0,0,0,0.0,0.0,0.0,0.0,0.0,0.0,2.18102338
16775788,0,1,1,1,1,1,1,1,1,1,1,1,1,1,0,1,0,0,1,1,0,1,1,0,0,0.0,0.0,0.0,0.0,0.0,0.0,2.1808809800000004
