,Pex1,Pex2,Pex3,Pex4,Pex5,Pex6,Pex8,Pex10,Pex11,Pex12,Pex13,Pex14,Pex15,Pex17,Pex19,Pex22,Pex28,Pex29,Pex30,Pex31,Pex32,Pex34,Sei1,Rtn1,Vps1,Capacity change (Fold increase compared to WT control)
14678528,0,1,1,0,1,1,1,1,1,1,1,1,1,1,0,1,0,0,0,0,0,0,0,0,0,2.123957805711804
14676480,0,1,1,0,1,1,1,1,1,1,1,1,1,0,0,1,0,0,0,0,0,0,0,0,0,2.123957805711804
31455744,1,1,1,0,1,1,1,1,1,1,1,1,1,1,0,1,0,0,0,0,0,0,0,0,0,2.1188678462780697
31453696,1,1,1,0,1,1,1,1,1,1,1,1,1,0,0,1,0,0,0,0,0,0,0,0,0,2.1188678462780697
14678560,0,1,1,0,1,1,1,1,1,1,1,1,1,1,0,1,0,0,0,1,0,0,0,0,0,2.116823153441522
14676512,0,1,1,0,1,1,1,1,1,1,1,1,1,0,0,1,0,0,0,1,0,0,0,0,0,2.116823153441522
14662144,0,1,1,0,1,1,1,1,1,1,0,1,1,1,0,1,0,0,0,0,0,0,0,0,0,2.112771978871145
14660096,0,1,1,0,1,1,1,1,1,1,0,1,1,0,0,1,0,0,0,0,0,0,0,0,0,2.112771978871145
31455776,1,1,1,0,1,1,1,1,1,1,1,1,1,1,0,1,0,0,0,1,0,0,0,0,0,2.111744818713654
31453728,1,1,1,0,1,1,1,1,1,1,1,1,1,0,0,1,0,0,0,1,0,0,0,0,0,2.111744818713654
14677504,0,1,1,0,1,1,1,1,1,1,1,1,1,0,1,1,0,0,0,0,0,0,0,0,0,2.111324739777833
14679552,0,1,1,0,1,1,1,1,1,1,1,1,1,1,1,1,0,0,0,0,0,0,0,0,0,2.111324739777833
31439360,1,1,1,0,1,1,1,1,1,1,0,1,1,1,0,1,0,0,0,0,0,0,0,0,0,2.1077002448451765
31437312,1,1,1,0,1,1,1,1,1,1,0,1,1,0,0,1,0,0,0,0,0,0,0,0,0,2.1077002448451765
31454720,1,1,1,0,1,1,1,1,1,1,1,1,1,0,1,1,0,0,0,0,0,0,0,0,0,2.106255363782521
31456768,1,1,1,0,1,1,1,1,1,1,1,1,1,1,1,1,0,0,0,0,0,0,0,0,0,2.106255363782521
14662176,0,1,1,0,1,1,1,1,1,1,0,1,1,1,0,1,0,0,0,1,0,0,0,0,0,2.105662873355918
14660128,0,1,1,0,1,1,1,1,1,1,0,1,1,0,0,1,0,0,0,1,0,0,0,0,0,2.105662873355918
14679584,0,1,1,0,1,1,1,1,1,1,1,1,1,1,1,1,0,0,0,1,0,0,0,0,0,2.1042189395401816
14677536,0,1,1,0,1,1,1,1,1,1,1,1,1,0,1,1,0,0,0,1,0,0,0,0,0,2.1042189395401816
31437344,1,1,1,0,1,1,1,1,1,1,0,1,1,0,0,1,0,0,0,1,0,0,0,0,0,2.100602722411711
31439392,1,1,1,0,1,1,1,1,1,1,0,1,1,1,0,1,0,0,0,1,0,0,0,0,0,2.100602722411711
14661120,0,1,1,0,1,1,1,1,1,1,0,1,1,0,1,1,0,0,0,0,0,0,0,0,0,2.100184147635206
14663168,0,1,1,0,1,1,1,1,1,1,0,1,1,1,1,1,0,0,0,0,0,0,0,0,0,2.100184147635206
31454752,1,1,1,0,1,1,1,1,1,1,1,1,1,0,1,1,0,0,0,1,0,0,0,0,0,2.0991611412412423
31456800,1,1,1,0,1,1,1,1,1,1,1,1,1,1,1,1,0,0,0,1,0,0,0,0,0,2.0991611412412423
14152192,0,1,1,0,1,0,1,1,1,1,1,1,1,0,0,1,0,0,0,0,0,0,0,0,0,2.0959994435607423
14154240,0,1,1,0,1,0,1,1,1,1,1,1,1,1,0,1,0,0,0,0,0,0,0,0,0,2.0959994435607423
31440384,1,1,1,0,1,1,1,1,1,1,0,1,1,1,1,1,0,0,0,0,0,0,0,0,0,2.095132923345391
31438336,1,1,1,0,1,1,1,1,1,1,0,1,1,0,1,1,0,0,0,0,0,0,0,0,0,2.095132923345391
14663200,0,1,1,0,1,1,1,1,1,1,0,1,1,1,1,1,0,0,0,1,0,0,0,0,0,2.093103790843326
14661152,0,1,1,0,1,1,1,1,1,1,0,1,1,0,1,1,0,0,0,1,0,0,0,0,0,2.093103790843326
14137856,0,1,1,0,1,0,1,1,1,1,0,1,1,1,0,1,0,0,0,0,0,0,0,0,0,2.0930711314787915
14135808,0,1,1,0,1,0,1,1,1,1,0,1,1,0,0,1,0,0,0,0,0,0,0,0,0,2.0930711314787915
30931456,1,1,1,0,1,0,1,1,1,1,1,1,1,1,0,1,0,0,0,0,0,0,0,0,0,2.0909550375365074
30929408,1,1,1,0,1,0,1,1,1,1,1,1,1,0,0,1,0,0,0,0,0,0,0,0,0,2.0909550375365074
14154272,0,1,1,0,1,0,1,1,1,1,1,1,1,1,0,1,0,0,0,1,0,0,0,0,0,2.0889286440069186
14152224,0,1,1,0,1,0,1,1,1,1,1,1,1,0,0,1,0,0,0,1,0,0,0,0,0,2.0889286440069186
31438368,1,1,1,0,1,1,1,1,1,1,0,1,1,0,1,1,0,0,0,1,0,0,0,0,0,2.0880641027941036
31440416,1,1,1,0,1,1,1,1,1,1,0,1,1,1,1,1,0,0,0,1,0,0,0,0,0,2.0880641027941036
30915072,1,1,1,0,1,0,1,1,1,1,0,1,1,1,0,1,0,0,0,0,0,0,0,0,0,2.088031496642464
30913024,1,1,1,0,1,0,1,1,1,1,0,1,1,0,0,1,0,0,0,0,0,0,0,0,0,2.088031496642464
14137888,0,1,1,0,1,0,1,1,1,1,0,1,1,1,0,1,0,0,0,1,0,0,0,0,0,2.0860070197516745
14135840,0,1,1,0,1,0,1,1,1,1,0,1,1,0,0,1,0,0,0,1,0,0,0,0,0,2.0860070197516745
30931488,1,1,1,0,1,0,1,1,1,1,1,1,1,1,0,1,0,0,0,1,0,0,0,0,0,2.0838957586513778
30929440,1,1,1,0,1,0,1,1,1,1,1,1,1,0,0,1,0,0,0,1,0,0,0,0,0,2.0838957586513778
14155264,0,1,1,0,1,0,1,1,1,1,1,1,1,1,1,1,0,0,0,0,0,0,0,0,0,2.0834794392794658
14153216,0,1,1,0,1,0,1,1,1,1,1,1,1,0,1,1,0,0,0,0,0,0,0,0,0,2.0834794392794658
30915104,1,1,1,0,1,0,1,1,1,1,0,1,1,1,0,1,0,0,0,1,0,0,0,0,0,2.0809788946873615
30913056,1,1,1,0,1,0,1,1,1,1,0,1,1,0,0,1,0,0,0,1,0,0,0,0,0,2.0809788946873615
14138880,0,1,1,0,1,0,1,1,1,1,0,1,1,1,1,1,0,0,0,0,0,0,0,0,0,2.080562969085884
14136832,0,1,1,0,1,0,1,1,1,1,0,1,1,0,1,1,0,0,0,0,0,0,0,0,0,2.080562969085884
30930432,1,1,1,0,1,0,1,1,1,1,1,1,1,0,1,1,0,0,0,0,0,0,0,0,0,2.078455432478865
30932480,1,1,1,0,1,0,1,1,1,1,1,1,1,1,1,1,0,0,0,0,0,0,0,0,0,2.078455432478865
14153248,0,1,1,0,1,0,1,1,1,1,1,1,1,0,1,1,0,0,0,1,0,0,0,0,0,2.076437233542372
14155296,0,1,1,0,1,0,1,1,1,1,1,1,1,1,1,1,0,0,0,1,0,0,0,0,0,2.076437233542372
30916096,1,1,1,0,1,0,1,1,1,1,0,1,1,1,1,1,0,0,0,0,0,0,0,0,0,2.0755437141788424
30914048,1,1,1,0,1,0,1,1,1,1,0,1,1,0,1,1,0,0,0,0,0,0,0,0,0,2.0755437141788424
14136864,0,1,1,0,1,0,1,1,1,1,0,1,1,0,1,1,0,0,0,1,0,0,0,0,0,2.073527424130396
14138912,0,1,1,0,1,0,1,1,1,1,0,1,1,1,1,1,0,0,0,1,0,0,0,0,0,2.073527424130396
30930464,1,1,1,0,1,0,1,1,1,1,1,1,1,0,1,1,0,0,0,1,0,0,0,0,0,2.0714247008216904
30932512,1,1,1,0,1,0,1,1,1,1,1,1,1,1,1,1,0,0,0,1,0,0,0,0,0,2.0714247008216904
14674440,0,1,1,0,1,1,1,1,1,1,1,1,0,1,0,1,0,0,0,0,0,1,0,0,0,2.0694446199621344
30914080,1,1,1,0,1,0,1,1,1,1,0,1,1,0,1,1,0,0,0,1,0,0,0,0,0,2.068519632450659
30916128,1,1,1,0,1,0,1,1,1,1,0,1,1,1,1,1,0,0,0,1,0,0,0,0,0,2.068519632450659
16775680,0,1,1,1,1,1,1,1,1,1,1,1,1,1,0,1,0,0,0,0,0,0,0,0,0,2.066255764234347
16773632,0,1,1,1,1,1,1,1,1,1,1,1,1,0,0,1,0,0,0,0,0,0,0,0,0,2.066255764234347
14674472,0,1,1,0,1,1,1,1,1,1,1,1,0,1,0,1,0,0,0,1,0,1,0,0,0,2.0624344676526905
14150152,0,1,1,0,1,0,1,1,1,1,1,1,0,1,0,1,0,0,0,0,0,1,0,0,0,2.0614785286035286
33552896,1,1,1,1,1,1,1,1,1,1,1,1,1,1,0,1,0,0,0,0,0,0,0,0,0,2.0612598204911663
33550848,1,1,1,1,1,1,1,1,1,1,1,1,1,0,0,1,0,0,0,0,0,0,0,0,0,2.0612598204911663
16773664,0,1,1,1,1,1,1,1,1,1,1,1,1,0,0,1,0,0,0,1,0,0,0,0,0,2.0592528947943185
16775712,0,1,1,1,1,1,1,1,1,1,1,1,1,1,0,1,0,0,0,1,0,0,0,0,0,2.0592528947943185
30800432,1,1,1,0,1,0,1,0,1,1,1,1,1,1,0,1,0,0,0,1,1,0,0,0,0,2.0589751757535306
30798384,1,1,1,0,1,0,1,0,1,1,1,1,1,0,0,1,0,0,0,1,1,0,0,0,0,2.0589751757535306
14672392,0,1,1,0,1,1,1,1,1,1,1,1,0,0,0,1,0,0,0,0,0,1,0,0,0,2.0586499698708245
30799412,1,1,1,0,1,0,1,0,1,1,1,1,1,0,1,1,0,0,0,1,1,0,1,0,0,2.0580132732032634
30801460,1,1,1,0,1,0,1,0,1,1,1,1,1,1,1,1,0,0,0,1,1,0,1,0,0,2.0580132732032634
30927368,1,1,1,0,1,0,1,1,1,1,1,1,0,1,0,1,0,0,0,0,0,1,0,0,0,2.0564903685556084
30782000,1,1,1,0,1,0,1,0,1,1,0,1,1,0,0,1,0,0,0,1,1,0,0,0,0,2.056081882608993
30784048,1,1,1,0,1,0,1,0,1,1,0,1,1,1,0,1,0,0,0,1,1,0,0,0,0,2.056081882608993
16757248,0,1,1,1,1,1,1,1,1,1,0,1,1,0,0,1,0,0,0,0,0,0,0,0,0,2.055276548713195
16759296,0,1,1,1,1,1,1,1,1,1,0,1,1,1,0,1,0,0,0,0,0,0,0,0,0,2.055276548713195
30783028,1,1,1,0,1,0,1,0,1,1,0,1,1,0,1,1,0,0,0,1,1,0,1,0,0,2.0551208898621383
30785076,1,1,1,0,1,0,1,0,1,1,0,1,1,1,1,1,0,0,0,1,1,0,1,0,0,2.0551208898621383
14150184,0,1,1,0,1,0,1,1,1,1,1,1,0,1,0,1,0,0,0,1,0,1,0,0,0,2.054486569654985
33552928,1,1,1,1,1,1,1,1,1,1,1,1,1,1,0,1,0,0,0,1,0,0,0,0,0,2.054268361039232
33550880,1,1,1,1,1,1,1,1,1,1,1,1,1,0,0,1,0,0,0,1,0,0,0,0,0,2.054268361039232
30799408,1,1,1,0,1,0,1,0,1,1,1,1,1,0,1,1,0,0,0,1,1,0,0,0,0,2.0539293123548985
30801456,1,1,1,0,1,0,1,0,1,1,1,1,1,1,1,1,0,0,0,1,1,0,0,0,0,2.0539293123548985
31453712,1,1,1,0,1,1,1,1,1,1,1,1,1,0,0,1,0,0,0,0,1,0,0,0,0,2.0539210327254707
31455760,1,1,1,0,1,1,1,1,1,1,1,1,1,1,0,1,0,0,0,0,1,0,0,0,0,2.0539210327254707
31322672,1,1,1,0,1,1,1,0,1,1,1,1,1,0,0,1,0,0,0,1,1,0,0,0,0,2.05186396881886
14672424,0,1,1,0,1,1,1,1,1,1,1,1,0,0,0,1,0,0,0,1,0,1,0,0,0,2.0516644709272613
30783024,1,1,1,0,1,0,1,0,1,1,0,1,1,0,1,1,0,0,0,1,1,0,0,0,0,2.0510407917767077
30785072,1,1,1,0,1,0,1,0,1,1,0,1,1,1,1,1,0,0,0,1,1,0,0,0,0,2.0510407917767077
14148104,0,1,1,0,1,0,1,1,1,1,1,1,0,0,0,1,0,0,0,0,0,1,0,0,0,2.050711893733035
14021152,0,1,1,0,1,0,1,0,1,1,1,1,1,0,0,1,0,0,0,1,0,0,0,0,0,2.050710324852018
14023200,0,1,1,0,1,0,1,0,1,1,1,1,1,1,0,1,0,0,0,1,0,0,0,0,0,2.050710324852018
33534464,1,1,1,1,1,1,1,1,1,1,0,1,1,0,0,1,0,0,0,0,0,0,0,0,0,2.050298493739675
33536512,1,1,1,1,1,1,1,1,1,1,0,1,1,1,0,1,0,0,0,0,0,0,0,0,0,2.050298493739675
30800416,1,1,1,0,1,0,1,0,1,1,1,1,1,1,0,1,0,0,0,1,0,0,0,0,0,2.0499483069952813
30798368,1,1,1,0,1,0,1,0,1,1,1,1,1,0,0,1,0,0,0,1,0,0,0,0,0,2.0499483069952813
30798352,1,1,1,0,1,0,1,0,1,1,1,1,1,0,0,1,0,0,0,0,1,0,0,0,0,2.0495371313849433
30800400,1,1,1,0,1,0,1,0,1,1,1,1,1,1,0,1,0,0,0,0,1,0,0,0,0,2.0495371313849433
30927400,1,1,1,0,1,0,1,1,1,1,1,1,0,1,0,1,0,0,0,1,0,1,0,0,0,2.0495098018183633
31455768,1,1,1,0,1,1,1,1,1,1,1,1,1,1,0,1,0,0,0,0,1,1,0,0,0,2.049469414937737
31456784,1,1,1,0,1,1,1,1,1,1,1,1,1,1,1,1,0,0,0,0,1,0,0,0,0,2.048883506274298
31454736,1,1,1,0,1,1,1,1,1,1,1,1,1,0,1,1,0,0,0,0,1,0,0,0,0,2.048883506274298
30799380,1,1,1,0,1,0,1,0,1,1,1,1,1,0,1,1,0,0,0,0,1,0,1,0,0,2.048578196651813
30801428,1,1,1,0,1,0,1,0,1,1,1,1,1,1,1,1,0,0,0,0,1,0,1,0,0,2.048578196651813
16757280,0,1,1,1,1,1,1,1,1,1,0,1,1,0,0,1,0,0,0,1,0,0,0,0,0,2.0482987541588766
16759328,0,1,1,1,1,1,1,1,1,1,0,1,1,1,0,1,0,0,0,1,0,0,0,0,0,2.0482987541588766
14006816,0,1,1,0,1,0,1,0,1,1,0,1,1,1,0,1,0,0,0,1,0,0,0,0,0,2.047824848912616
14004768,0,1,1,0,1,0,1,0,1,1,0,1,1,0,0,1,0,0,0,1,0,0,0,0,0,2.047824848912616
14545440,0,1,1,0,1,1,1,0,1,1,1,1,1,0,0,1,0,0,0,1,0,0,0,0,0,2.0478239971487517
30784032,1,1,1,0,1,0,1,0,1,1,0,1,1,1,0,1,0,0,0,1,0,0,0,0,0,2.047063551800872
30781984,1,1,1,0,1,0,1,0,1,1,0,1,1,0,0,1,0,0,0,1,0,0,0,0,0,2.047063551800872
16776704,0,1,1,1,1,1,1,1,1,1,1,1,1,1,1,1,0,0,0,0,0,0,0,0,0,2.046990515495889
16774656,0,1,1,1,1,1,1,1,1,1,1,1,1,0,1,1,0,0,0,0,0,0,0,0,0,2.046990515495889
31453744,1,1,1,0,1,1,1,1,1,1,1,1,1,0,0,1,0,0,0,1,1,0,0,0,0,2.0469463339668774
31455792,1,1,1,0,1,1,1,1,1,1,1,1,1,1,0,1,0,0,0,1,1,0,0,0,0,2.0469463339668774
31323696,1,1,1,0,1,1,1,0,1,1,1,1,1,0,1,1,0,0,0,1,1,0,0,0,0,2.0468298355509855
30784016,1,1,1,0,1,0,1,0,1,1,0,1,1,1,0,1,0,0,0,0,1,0,0,0,0,2.0466527650958066
30781968,1,1,1,0,1,0,1,0,1,1,0,1,1,0,0,1,0,0,0,0,1,0,0,0,0,2.0466527650958066
30925320,1,1,1,0,1,0,1,1,1,1,1,1,0,0,0,1,0,0,0,0,0,1,0,0,0,2.0457412760906584
30785044,1,1,1,0,1,0,1,0,1,1,0,1,1,1,1,1,0,0,0,0,1,0,1,0,0,2.0456947373590166
30782996,1,1,1,0,1,0,1,0,1,1,0,1,1,0,1,1,0,0,0,0,1,0,1,0,0,2.0456947373590166
30801424,1,1,1,0,1,0,1,0,1,1,1,1,1,1,1,1,0,0,0,0,1,0,0,0,0,2.0445068362991936
30799376,1,1,1,0,1,0,1,0,1,1,1,1,1,0,1,1,0,0,0,0,1,0,0,0,0,2.0445068362991936
14148136,0,1,1,0,1,0,1,1,1,1,1,1,0,0,0,1,0,0,0,1,0,1,0,0,0,2.043744524167799
33534496,1,1,1,1,1,1,1,1,1,1,0,1,1,0,0,1,0,0,0,1,0,0,0,0,0,2.0433320683181777
33536544,1,1,1,1,1,1,1,1,1,1,0,1,1,1,0,1,0,0,0,1,0,0,0,0,0,2.0433320683181777
14155268,0,1,1,0,1,0,1,1,1,1,1,1,1,1,1,1,0,0,0,0,0,0,1,0,0,2.043314897097885
14153220,0,1,1,0,1,0,1,1,1,1,1,1,1,0,1,1,0,0,0,0,0,0,1,0,0,2.043314897097885
31437328,1,1,1,0,1,1,1,1,1,1,0,1,1,0,0,1,0,0,0,0,1,0,0,0,0,2.042985983668581
31439376,1,1,1,0,1,1,1,1,1,1,0,1,1,1,0,1,0,0,0,0,1,0,0,0,0,2.042985983668581
31322656,1,1,1,0,1,1,1,0,1,1,1,1,1,0,0,1,0,0,0,1,0,0,0,0,0,2.0428580848440836
31455800,1,1,1,0,1,1,1,1,1,1,1,1,1,1,0,1,0,0,0,1,1,1,0,0,0,2.0425048830081893
31322640,1,1,1,0,1,1,1,0,1,1,1,1,1,0,0,1,0,0,0,0,1,0,0,0,0,2.0424478650946742
33553920,1,1,1,1,1,1,1,1,1,1,1,1,1,1,1,1,0,0,0,0,0,0,0,0,0,2.0420259612082194
33551872,1,1,1,1,1,1,1,1,1,1,1,1,1,0,1,1,0,0,0,0,0,0,0,0,0,2.0420259612082194
31454768,1,1,1,0,1,1,1,1,1,1,1,1,1,0,1,1,0,0,0,1,1,0,0,0,0,2.0419203124724827
31456816,1,1,1,0,1,1,1,1,1,1,1,1,1,1,1,1,0,0,0,1,1,0,0,0,0,2.0419203124724827
30782992,1,1,1,0,1,0,1,0,1,1,0,1,1,0,1,1,0,0,0,0,1,0,0,0,0,2.0416272278513112
30785040,1,1,1,0,1,0,1,0,1,1,0,1,1,1,1,1,0,0,0,0,1,0,0,0,0,2.0416272278513112
14021120,0,1,1,0,1,0,1,0,1,1,1,1,1,0,0,1,0,0,0,0,0,0,0,0,0,2.041297780536562
14023168,0,1,1,0,1,0,1,0,1,1,1,1,1,1,0,1,0,0,0,0,0,0,0,0,0,2.041297780536562
31306288,1,1,1,0,1,1,1,0,1,1,0,1,1,0,0,1,0,0,0,1,1,0,0,0,0,2.0409362854058397
30800384,1,1,1,0,1,0,1,0,1,1,1,1,1,1,0,1,0,0,0,0,0,0,0,0,0,2.0405381137804155
30798336,1,1,1,0,1,0,1,0,1,1,1,1,1,0,0,1,0,0,0,0,0,0,0,0,0,2.0405381137804155
14138884,0,1,1,0,1,0,1,1,1,1,0,1,1,1,1,1,0,0,0,0,0,0,1,0,0,2.0404364160306843
14136836,0,1,1,0,1,0,1,1,1,1,0,1,1,0,1,1,0,0,0,0,0,0,1,0,0,2.0404364160306843
16774688,0,1,1,1,1,1,1,1,1,1,1,1,1,0,1,1,0,0,0,1,0,0,0,0,0,2.0400316450018123
16776736,0,1,1,1,1,1,1,1,1,1,1,1,1,1,1,1,0,0,0,1,0,0,0,0,0,2.0400316450018123
30925352,1,1,1,0,1,0,1,1,1,1,1,1,0,0,0,1,0,0,0,1,0,1,0,0,0,2.0387852586724913
31453720,1,1,1,0,1,1,1,1,1,1,1,1,1,0,0,1,0,0,0,0,1,1,0,0,0,2.038745013824805
14004736,0,1,1,0,1,0,1,0,1,1,0,1,1,0,0,1,0,0,0,0,0,0,0,0,0,2.038421207333657
14006784,0,1,1,0,1,0,1,0,1,1,0,1,1,1,0,1,0,0,0,0,0,0,0,0,0,2.038421207333657
14545408,0,1,1,0,1,1,1,0,1,1,1,1,1,0,0,1,0,0,0,0,0,0,0,0,0,2.038420358197792
14024224,0,1,1,0,1,0,1,0,1,1,1,1,1,1,1,1,0,0,0,1,0,0,0,0,0,2.038373466585611
14022176,0,1,1,0,1,0,1,0,1,1,1,1,1,0,1,1,0,0,0,1,0,0,0,0,0,2.038373466585611
30930436,1,1,1,0,1,0,1,1,1,1,1,1,1,0,1,1,0,0,0,0,0,0,1,0,0,2.0383563316070243
30932484,1,1,1,0,1,0,1,1,1,1,1,1,1,1,1,1,0,0,0,0,0,0,1,0,0,2.0383563316070243
31438352,1,1,1,0,1,1,1,1,1,1,0,1,1,0,1,1,0,0,0,0,1,0,0,0,0,2.037966494880556
31440400,1,1,1,0,1,1,1,1,1,1,0,1,1,1,1,1,0,0,0,0,1,0,0,0,0,2.037966494880556
30784000,1,1,1,0,1,0,1,0,1,1,0,1,1,1,0,1,0,0,0,0,0,0,0,0,0,2.0376622590987443
30781952,1,1,1,0,1,0,1,0,1,1,0,1,1,0,0,1,0,0,0,0,0,0,0,0,0,2.0376622590987443
30799392,1,1,1,0,1,0,1,0,1,1,1,1,1,0,1,1,0,0,0,1,0,0,0,0,0,2.0376145302755613
30801440,1,1,1,0,1,0,1,0,1,1,1,1,1,1,1,1,0,0,0,1,0,0,0,0,0,2.0376145302755613
31323664,1,1,1,0,1,1,1,0,1,1,1,1,1,0,1,1,0,0,0,0,1,0,0,0,0,2.037429263947987
14023216,0,1,1,0,1,0,1,0,1,1,1,1,1,1,0,1,0,0,0,1,1,0,0,0,0,2.037088418148877
14021168,0,1,1,0,1,0,1,0,1,1,1,1,1,0,0,1,0,0,0,1,1,0,0,0,0,2.037088418148877
31324720,1,1,1,0,1,1,1,0,1,1,1,1,1,1,0,1,0,0,0,1,1,0,0,0,0,2.0370410533665795
14529056,0,1,1,0,1,1,1,0,1,1,0,1,1,0,0,1,0,0,0,1,0,0,0,0,0,2.0369107794956274
14155300,0,1,1,0,1,0,1,1,1,1,1,1,1,1,1,1,0,0,0,1,0,0,1,0,0,2.03636442116634
14153252,0,1,1,0,1,0,1,1,1,1,1,1,1,0,1,1,0,0,0,1,0,0,1,0,0,2.03636442116634
14676496,0,1,1,0,1,1,1,1,1,1,1,1,1,0,0,1,0,0,0,0,1,0,0,0,0,2.0362601462226047
14678544,0,1,1,0,1,1,1,1,1,1,1,1,1,1,0,1,0,0,0,0,1,0,0,0,0,2.0362601462226047
14024244,0,1,1,0,1,0,1,0,1,1,1,1,1,1,1,1,0,0,0,1,1,0,1,0,0,2.0361333979453917
14022196,0,1,1,0,1,0,1,0,1,1,1,1,1,0,1,1,0,0,0,1,1,0,1,0,0,2.0361333979453917
16760320,0,1,1,1,1,1,1,1,1,1,0,1,1,1,1,1,0,0,0,0,0,0,0,0,0,2.0360802822561355
16758272,0,1,1,1,1,1,1,1,1,1,0,1,1,0,1,1,0,0,0,0,0,0,0,0,0,2.0360802822561355
31437360,1,1,1,0,1,1,1,1,1,1,0,1,1,0,0,1,0,0,0,1,1,0,0,0,0,2.0360362589261016
31439408,1,1,1,0,1,1,1,1,1,1,0,1,1,1,0,1,0,0,0,1,1,0,0,0,0,2.0360362589261016
31307312,1,1,1,0,1,1,1,0,1,1,0,1,1,0,1,1,0,0,0,1,1,0,0,0,0,2.035920177651281
14005792,0,1,1,0,1,0,1,0,1,1,0,1,1,0,1,1,0,0,0,1,0,0,0,0,0,2.035499659308227
14007840,0,1,1,0,1,0,1,0,1,1,0,1,1,1,1,1,0,0,0,1,0,0,0,0,0,2.035499659308227
14546464,0,1,1,0,1,1,1,0,1,1,1,1,1,0,1,1,0,0,0,1,0,0,0,0,0,2.0354988109888357
30914052,1,1,1,0,1,0,1,1,1,1,0,1,1,0,1,1,0,0,0,0,0,0,1,0,0,2.035482540536544
30916100,1,1,1,0,1,0,1,1,1,1,0,1,1,1,1,1,0,0,0,0,0,0,1,0,0,2.035482540536544
30927384,1,1,1,0,1,0,1,1,1,1,1,1,0,1,0,1,0,0,0,0,1,1,0,0,0,2.0352447018799023
33551904,1,1,1,1,1,1,1,1,1,1,1,1,1,0,1,1,0,0,0,1,0,0,0,0,0,2.0350784290134163
33553952,1,1,1,1,1,1,1,1,1,1,1,1,1,1,1,1,0,0,0,1,0,0,0,0,0,2.0350784290134163
30783008,1,1,1,0,1,0,1,0,1,1,0,1,1,0,1,1,0,0,0,1,0,0,0,0,0,2.034741440828528
30785056,1,1,1,0,1,0,1,0,1,1,0,1,1,1,1,1,0,0,0,1,0,0,0,0,0,2.034741440828528
14004784,0,1,1,0,1,0,1,0,1,1,0,1,1,0,0,1,0,0,0,1,1,0,0,0,0,2.0342158263183725
14006832,0,1,1,0,1,0,1,0,1,1,0,1,1,1,0,1,0,0,0,1,1,0,0,0,0,2.0342158263183725
14545456,0,1,1,0,1,1,1,0,1,1,1,1,1,0,0,1,0,0,0,1,1,0,0,0,0,2.0342149783577694
14136868,0,1,1,0,1,0,1,1,1,1,0,1,1,0,1,1,0,0,0,1,0,0,1,0,0,2.0334925141192635
14138916,0,1,1,0,1,0,1,1,1,1,0,1,1,1,1,1,0,0,0,1,0,0,1,0,0,2.0334925141192635
31322624,1,1,1,0,1,1,1,0,1,1,1,1,1,0,0,1,0,0,0,0,0,0,0,0,0,2.0334697675279756
14005812,0,1,1,0,1,0,1,0,1,1,0,1,1,0,1,1,0,0,0,1,1,0,1,0,0,2.0332617094087193
14007860,0,1,1,0,1,0,1,0,1,1,0,1,1,1,1,1,0,0,0,1,1,0,1,0,0,2.0332617094087193
16249344,0,1,1,1,1,0,1,1,1,1,1,1,1,0,0,1,0,0,0,0,0,0,0,0,0,2.0332207987853166
16251392,0,1,1,1,1,0,1,1,1,1,1,1,1,1,0,1,0,0,0,0,0,0,0,0,0,2.0332207987853166
14547488,0,1,1,0,1,1,1,0,1,1,1,1,1,1,0,1,0,0,0,1,0,0,0,0,0,2.033020703854964
14022192,0,1,1,0,1,0,1,0,1,1,1,1,1,0,1,1,0,0,0,1,1,0,0,0,0,2.032078657556828
14024240,0,1,1,0,1,0,1,0,1,1,1,1,1,1,1,1,0,0,0,1,1,0,0,0,0,2.032078657556828
31325744,1,1,1,0,1,1,1,0,1,1,1,1,1,1,1,1,0,0,0,1,1,0,0,0,0,2.032031370904038
31306272,1,1,1,0,1,1,1,0,1,1,0,1,1,0,0,1,0,0,0,1,0,0,0,0,0,2.031962648428287
14678552,0,1,1,0,1,1,1,1,1,1,1,1,1,1,0,1,0,0,0,0,1,1,0,0,0,2.031834272229704
31453752,1,1,1,0,1,1,1,1,1,1,1,1,1,0,0,1,0,0,0,1,1,1,0,0,0,2.031804974822981
31306256,1,1,1,0,1,1,1,0,1,1,0,1,1,0,0,1,0,0,0,0,1,0,0,0,0,2.0315538975358116
30930468,1,1,1,0,1,0,1,1,1,1,1,1,1,0,1,1,0,0,0,1,0,0,1,0,0,2.0314171802972374
30932516,1,1,1,0,1,0,1,1,1,1,1,1,1,1,1,1,0,0,0,1,0,0,1,0,0,2.0314171802972374
14679568,0,1,1,0,1,1,1,1,1,1,1,1,1,1,1,1,0,0,0,0,1,0,0,0,0,2.0312517518878015
14677520,0,1,1,0,1,1,1,1,1,1,1,1,1,0,1,1,0,0,0,0,1,0,0,0,0,2.0312517518878015
33537536,1,1,1,1,1,1,1,1,1,1,0,1,1,1,1,1,0,0,0,0,0,0,0,0,0,2.031133504343198
33535488,1,1,1,1,1,1,1,1,1,1,0,1,1,0,1,1,0,0,0,0,0,0,0,0,0,2.031133504343198
31438384,1,1,1,0,1,1,1,1,1,1,0,1,1,0,1,1,0,0,0,1,1,0,0,0,0,2.031028233899531
31440432,1,1,1,0,1,1,1,1,1,1,0,1,1,1,1,1,0,0,0,1,1,0,0,0,0,2.031028233899531
14678536,0,1,1,0,1,1,1,1,1,1,1,1,1,1,0,1,0,0,0,0,0,1,0,0,0,2.030883508955317
31323680,1,1,1,0,1,1,1,0,1,1,1,1,1,0,1,1,0,0,0,1,0,0,0,0,0,2.030552980484713
16235008,0,1,1,1,1,0,1,1,1,1,0,1,1,1,0,1,0,0,0,0,0,0,0,0,0,2.030351865093878
16232960,0,1,1,1,1,0,1,1,1,1,0,1,1,0,0,1,0,0,0,0,0,0,0,0,0,2.030351865093878
14674456,0,1,1,0,1,1,1,1,1,1,1,1,0,1,0,1,0,0,0,0,1,1,0,0,0,2.030294255691464
14678576,0,1,1,0,1,1,1,1,1,1,1,1,1,1,0,1,0,0,0,1,1,0,0,0,0,2.029325782286637
14676528,0,1,1,0,1,1,1,1,1,1,1,1,1,0,0,1,0,0,0,1,1,0,0,0,0,2.029325782286637
14007856,0,1,1,0,1,0,1,0,1,1,0,1,1,1,1,1,0,0,0,1,1,0,0,0,0,2.0292108041452854
14005808,0,1,1,0,1,0,1,0,1,1,0,1,1,0,1,1,0,0,0,1,1,0,0,0,0,2.0292108041452854
14546480,0,1,1,0,1,1,1,0,1,1,1,1,1,0,1,1,0,0,0,1,1,0,0,0,0,2.0292099575834173
16760352,0,1,1,1,1,1,1,1,1,1,0,1,1,1,1,1,0,0,0,1,0,0,0,0,0,2.0291463291025584
16758304,0,1,1,1,1,1,1,1,1,1,0,1,1,0,1,1,0,0,0,1,0,0,0,0,0,2.0291463291025584
10482176,0,1,0,0,1,1,1,1,1,1,1,1,1,0,0,1,0,0,0,0,0,0,0,0,0,2.029044462400278
10484224,0,1,0,0,1,1,1,1,1,1,1,1,1,1,0,1,0,0,0,0,0,0,0,0,0,2.029044462400278
14024192,0,1,1,0,1,0,1,0,1,1,1,1,1,1,1,1,0,0,0,0,0,0,0,0,0,2.028998985938213
14022144,0,1,1,0,1,0,1,0,1,1,1,1,1,0,1,1,0,0,0,0,0,0,0,0,0,2.028998985938213
30916132,1,1,1,0,1,0,1,1,1,1,0,1,1,1,1,1,0,0,0,1,0,0,1,0,0,2.02854995253563
30914084,1,1,1,0,1,0,1,1,1,1,0,1,1,0,1,1,0,0,0,1,0,0,1,0,0,2.02854995253563
30927416,1,1,1,0,1,0,1,1,1,1,1,1,0,1,0,1,0,0,0,1,1,1,0,0,0,2.0283126570668983
33026560,1,1,1,1,1,0,1,1,1,1,1,1,1,0,0,1,0,0,0,0,0,0,0,0,0,2.028278679915738
33028608,1,1,1,1,1,0,1,1,1,1,1,1,1,1,0,1,0,0,0,0,0,0,0,0,0,2.028278679915738
30799360,1,1,1,0,1,0,1,0,1,1,1,1,1,0,1,1,0,0,0,0,0,0,0,0,0,2.0282423912210676
30801408,1,1,1,0,1,0,1,0,1,1,1,1,1,1,1,1,0,0,0,0,0,0,0,0,0,2.0282423912210676
31324704,1,1,1,0,1,1,1,0,1,1,1,1,1,1,0,1,0,0,0,1,0,0,0,0,0,2.0280789110061397
14023184,0,1,1,0,1,0,1,0,1,1,1,1,1,1,0,1,0,0,0,0,1,0,0,0,0,2.0277179023405063
14021136,0,1,1,0,1,0,1,0,1,1,1,1,1,0,0,1,0,0,0,0,1,0,0,0,0,2.0277179023405063
31324688,1,1,1,0,1,1,1,0,1,1,1,1,1,1,0,1,0,0,0,0,1,0,0,0,0,2.027670683695687
14529024,0,1,1,0,1,1,1,0,1,1,0,1,1,0,0,1,0,0,0,0,0,0,0,0,0,2.0275408117667264
14024212,0,1,1,0,1,0,1,0,1,1,1,1,1,1,1,1,0,0,0,0,1,0,1,0,0,2.0267658287196304
14022164,0,1,1,0,1,0,1,0,1,1,1,1,1,0,1,1,0,0,0,0,1,0,1,0,0,2.0267658287196304
30931472,1,1,1,0,1,0,1,1,1,1,1,1,1,1,0,1,0,0,0,0,1,0,0,0,0,2.0265894759235286
30929424,1,1,1,0,1,0,1,1,1,1,1,1,1,0,0,1,0,0,0,0,1,0,0,0,0,2.0265894759235286
31307280,1,1,1,0,1,1,1,0,1,1,0,1,1,0,1,1,0,0,0,0,1,0,0,0,0,2.026553266287215
16249376,0,1,1,1,1,0,1,1,1,1,1,1,1,0,0,1,0,0,0,1,0,0,0,0,0,2.0262933762641957
16251424,0,1,1,1,1,0,1,1,1,1,1,1,1,1,0,1,0,0,0,1,0,0,0,0,0,2.0262933762641957
31308336,1,1,1,0,1,1,1,0,1,1,0,1,1,1,0,1,0,0,0,1,1,0,0,0,0,2.026166445755422
14007808,0,1,1,0,1,0,1,0,1,1,0,1,1,1,1,1,0,0,0,0,0,0,0,0,0,2.0261340453952847
14005760,0,1,1,0,1,0,1,0,1,1,0,1,1,0,1,1,0,0,0,0,0,0,0,0,0,2.0261340453952847
14546432,0,1,1,0,1,1,1,0,1,1,1,1,1,0,1,1,0,0,0,0,0,0,0,0,0,2.0261331996932657
31455752,1,1,1,0,1,1,1,1,1,1,1,1,1,1,0,1,0,0,0,0,0,1,0,0,0,2.0259451983031216
33010176,1,1,1,1,1,0,1,1,1,1,0,1,1,0,0,1,0,0,0,0,0,0,0,0,0,2.0254144206651894
33012224,1,1,1,1,1,0,1,1,1,1,0,1,1,1,0,1,0,0,0,0,0,0,0,0,0,2.0254144206651894
14662160,0,1,1,0,1,1,1,1,1,1,0,1,1,1,0,1,0,0,0,0,1,0,0,0,0,2.025388334773442
14660112,0,1,1,0,1,1,1,1,1,1,0,1,1,0,0,1,0,0,0,0,1,0,0,0,0,2.025388334773442
30785024,1,1,1,0,1,0,1,0,1,1,0,1,1,1,1,1,0,0,0,0,0,0,0,0,0,2.0253781662937245
30782976,1,1,1,0,1,0,1,0,1,1,0,1,1,0,1,1,0,0,0,0,0,0,0,0,0,2.0253781662937245
14678584,0,1,1,0,1,1,1,1,1,1,1,1,1,1,0,1,0,0,0,1,1,1,0,0,0,2.024910016327806
14004752,0,1,1,0,1,0,1,0,1,1,0,1,1,0,0,1,0,0,0,0,1,0,0,0,0,2.024854173494365
14006800,0,1,1,0,1,0,1,0,1,1,0,1,1,1,0,1,0,0,0,0,1,0,0,0,0,2.024854173494365
14545424,0,1,1,0,1,1,1,0,1,1,1,1,1,0,0,1,0,0,0,0,1,0,0,0,0,2.024853328150027
14530080,0,1,1,0,1,1,1,0,1,1,0,1,1,0,1,1,0,0,0,1,0,0,0,0,0,2.0246297256213373
30925336,1,1,1,0,1,0,1,1,1,1,1,1,0,0,0,1,0,0,0,0,1,1,0,0,0,2.0245703263641452
14679600,0,1,1,0,1,1,1,1,1,1,1,1,1,1,1,1,0,0,0,1,1,0,0,0,0,2.024328826375217
14677552,0,1,1,0,1,1,1,1,1,1,1,1,1,0,1,1,0,0,0,1,1,0,0,0,0,2.024328826375217
33537568,1,1,1,1,1,1,1,1,1,1,0,1,1,1,1,1,0,0,0,1,0,0,0,0,0,2.0242108488903146
33535520,1,1,1,1,1,1,1,1,1,1,0,1,1,0,1,1,0,0,0,1,0,0,0,0,0,2.0242108488903146
27261440,1,1,0,0,1,1,1,1,1,1,1,1,1,1,0,1,0,0,0,0,0,0,0,0,0,2.0241091481625486
27259392,1,1,0,0,1,1,1,1,1,1,1,1,1,0,0,1,0,0,0,0,0,0,0,0,0,2.0241091481625486
14678568,0,1,1,0,1,1,1,1,1,1,1,1,1,1,0,1,0,0,0,1,0,1,0,0,0,2.023961424454499
14007828,0,1,1,0,1,0,1,0,1,1,0,1,1,1,1,1,0,0,0,0,1,0,1,0,0,2.0239030003803324
14005780,0,1,1,0,1,0,1,0,1,1,0,1,1,0,1,1,0,0,0,0,1,0,1,0,0,2.0239030003803324
30915088,1,1,1,0,1,0,1,1,1,1,0,1,1,1,0,1,0,0,0,0,1,0,0,0,0,2.023726814385302
30913040,1,1,1,0,1,0,1,1,1,1,0,1,1,0,0,1,0,0,0,0,1,0,0,0,0,2.023726814385302
14547456,0,1,1,0,1,1,1,0,1,1,1,1,1,1,0,1,0,0,0,0,0,0,0,0,0,2.0236627384158448
16235040,0,1,1,1,1,0,1,1,1,1,0,1,1,1,0,1,0,0,0,1,0,0,0,0,0,2.023430994788103
16232992,0,1,1,1,1,0,1,1,1,1,0,1,1,0,0,1,0,0,0,1,0,0,0,0,0,2.023430994788103
14674488,0,1,1,0,1,1,1,1,1,1,1,1,0,1,0,1,0,0,0,1,1,1,0,0,0,2.023373516956946
14529072,0,1,1,0,1,1,1,0,1,1,0,1,1,0,0,1,0,0,0,1,1,0,0,0,0,2.02335048995681
14022160,0,1,1,0,1,0,1,0,1,1,1,1,1,0,1,1,0,0,0,0,1,0,0,0,0,2.0227235986711287
14024208,0,1,1,0,1,0,1,0,1,1,1,1,1,1,1,1,0,0,0,0,1,0,0,0,0,2.0227235986711287
31325712,1,1,1,0,1,1,1,0,1,1,1,1,1,1,1,1,0,0,0,0,1,0,0,0,0,2.0226764579147583
31306240,1,1,1,0,1,1,1,0,1,1,0,1,1,0,0,1,0,0,0,0,0,0,0,0,0,2.0226079474726917
30931480,1,1,1,0,1,0,1,1,1,1,1,1,1,1,0,1,0,0,0,0,1,1,0,0,0,2.0221776986042026
14531104,0,1,1,0,1,1,1,0,1,1,0,1,1,1,0,1,0,0,0,1,0,0,0,0,0,2.022160491743449
10482208,0,1,0,0,1,1,1,1,1,1,1,1,1,0,0,1,0,0,0,1,0,0,0,0,0,2.0221265780066617
10484256,0,1,0,0,1,1,1,1,1,1,1,1,1,1,0,1,0,0,0,1,0,0,0,0,0,2.0221265780066617
14133768,0,1,1,0,1,0,1,1,1,1,0,1,0,1,0,1,0,0,0,0,0,1,0,0,0,2.0216716726565482
30930448,1,1,1,0,1,0,1,1,1,1,1,1,1,0,1,1,0,0,0,0,1,0,0,0,0,2.0215970336244555
30932496,1,1,1,0,1,0,1,1,1,1,1,1,1,1,1,1,0,0,0,0,1,0,0,0,0,2.0215970336244555
14658056,0,1,1,0,1,1,1,1,1,1,0,1,0,1,0,1,0,0,0,0,0,1,0,0,0,2.0215443465497227
33028640,1,1,1,1,1,0,1,1,1,1,1,1,1,1,0,1,0,0,0,1,0,0,0,0,0,2.0213625444547523
33026592,1,1,1,1,1,0,1,1,1,1,1,1,1,0,0,1,0,0,0,1,0,0,0,0,0,2.0213625444547523
31323648,1,1,1,0,1,1,1,0,1,1,1,1,1,0,1,1,0,0,0,0,0,0,0,0,0,2.0212026288643794
31309360,1,1,1,0,1,1,1,0,1,1,0,1,1,1,1,1,0,0,0,1,1,0,0,0,0,2.0211747012562067
14676504,0,1,1,0,1,1,1,1,1,1,1,1,1,0,0,1,0,0,0,0,1,1,0,0,0,2.0211718905432203
31451656,1,1,1,0,1,1,1,1,1,1,1,1,0,1,0,1,0,0,0,0,0,1,0,0,0,2.0211188929007173
30800436,1,1,1,0,1,0,1,0,1,1,1,1,1,1,0,1,0,0,0,1,1,0,1,0,0,2.020981617925508
30798388,1,1,1,0,1,0,1,0,1,1,1,1,1,0,0,1,0,0,0,1,1,0,1,0,0,2.020981617925508
14548512,0,1,1,0,1,1,1,0,1,1,1,1,1,1,1,1,0,0,0,1,0,0,0,0,0,2.020755381173319
14661136,0,1,1,0,1,1,1,1,1,1,0,1,1,0,1,1,0,0,0,0,1,0,0,0,0,2.0203978737896198
14663184,0,1,1,0,1,1,1,1,1,1,0,1,1,1,1,1,0,0,0,0,1,0,0,0,0,2.0203978737896198
14676488,0,1,1,0,1,1,1,1,1,1,1,1,1,0,0,1,0,0,0,0,0,1,0,0,0,2.020224470921558
14007824,0,1,1,0,1,0,1,0,1,1,0,1,1,1,1,1,0,0,0,0,1,0,0,0,0,2.0198645936242134
14005776,0,1,1,0,1,0,1,0,1,1,0,1,1,0,1,1,0,0,0,0,1,0,0,0,0,2.0198645936242134
14546448,0,1,1,0,1,1,1,0,1,1,1,1,1,0,1,1,0,0,0,0,1,0,0,0,0,2.0198637496742946
31307296,1,1,1,0,1,1,1,0,1,1,0,1,1,0,1,1,0,0,0,1,0,0,0,0,0,2.0197016044484677
30931504,1,1,1,0,1,0,1,1,1,1,1,1,1,1,0,1,0,0,0,1,1,0,0,0,0,2.019677198351749
30929456,1,1,1,0,1,0,1,1,1,1,1,1,1,0,0,1,0,0,0,1,1,0,0,0,0,2.019677198351749
14672408,0,1,1,0,1,1,1,1,1,1,1,1,0,0,0,1,0,0,0,0,1,1,0,0,0,2.0196372899488146
14547504,0,1,1,0,1,1,1,0,1,1,1,1,1,1,0,1,0,0,0,1,1,0,0,0,0,2.019477784122455
31455784,1,1,1,0,1,1,1,1,1,1,1,1,1,1,0,1,0,0,0,1,0,1,0,0,0,2.01903439216504
30914064,1,1,1,0,1,0,1,1,1,1,0,1,1,0,1,1,0,0,0,0,1,0,0,0,0,2.0187390941249017
30916112,1,1,1,0,1,0,1,1,1,1,0,1,1,1,1,1,0,0,0,0,1,0,0,0,0,2.0187390941249017
31324672,1,1,1,0,1,1,1,0,1,1,1,1,1,1,0,1,0,0,0,0,0,0,0,0,0,2.0187361927846297
33010208,1,1,1,1,1,0,1,1,1,1,0,1,1,0,0,1,0,0,0,1,0,0,0,0,0,2.0185048267438264
33012256,1,1,1,1,1,0,1,1,1,1,0,1,1,1,0,1,0,0,0,1,0,0,0,0,0,2.0185048267438264
14660144,0,1,1,0,1,1,1,1,1,1,0,1,1,0,0,1,0,0,0,1,1,0,0,0,0,2.018478800428353
14662192,0,1,1,0,1,1,1,1,1,1,0,1,1,1,0,1,0,0,0,1,1,0,0,0,0,2.018478800428353
14530096,0,1,1,0,1,1,1,0,1,1,0,1,1,0,1,1,0,0,0,1,1,0,0,0,0,2.01836339045387
10467840,0,1,0,0,1,1,1,1,1,1,0,1,1,1,0,1,0,0,0,0,0,0,0,0,0,2.0181984878525054
10465792,0,1,0,0,1,1,1,1,1,1,0,1,1,0,0,1,0,0,0,0,0,0,0,0,0,2.0181984878525054
30784052,1,1,1,0,1,0,1,0,1,1,0,1,1,1,0,1,0,0,0,1,1,0,1,0,0,2.0181242605091425
30782004,1,1,1,0,1,0,1,0,1,1,0,1,1,0,0,1,0,0,0,1,1,0,1,0,0,2.0181242605091425
14024228,0,1,1,0,1,0,1,0,1,1,1,1,1,1,1,1,0,0,0,1,0,0,1,0,0,2.0178406893614746
14022180,0,1,1,0,1,0,1,0,1,1,1,1,1,0,1,1,0,0,0,1,0,0,1,0,0,2.0178406893614746
14150168,0,1,1,0,1,0,1,1,1,1,1,1,0,1,0,1,0,0,0,0,1,1,0,0,0,2.0176918209724066
14679556,0,1,1,0,1,1,1,1,1,1,1,1,1,1,1,1,0,0,0,0,0,0,1,0,0,2.017689212550872
14677508,0,1,1,0,1,1,1,1,1,1,1,1,1,0,1,1,0,0,0,0,0,0,1,0,0,2.017689212550872
30925368,1,1,1,0,1,0,1,1,1,1,1,1,0,0,0,1,0,0,0,1,1,1,0,0,0,2.0176626602278853
31308320,1,1,1,0,1,1,1,0,1,1,0,1,1,1,0,1,0,0,0,1,0,0,0,0,0,2.0172363937684117
27261472,1,1,0,0,1,1,1,1,1,1,1,1,1,1,0,1,0,0,0,1,0,0,0,0,0,2.017202535288307
27259424,1,1,0,0,1,1,1,1,1,1,1,1,1,0,0,1,0,0,0,1,0,0,0,0,0,2.017202535288307
30799396,1,1,1,0,1,0,1,0,1,1,1,1,1,0,1,1,0,0,0,1,0,0,1,0,0,2.0170868818054615
30801444,1,1,1,0,1,0,1,0,1,1,1,1,1,1,1,1,0,0,0,1,0,0,1,0,0,2.0170868818054615
31308304,1,1,1,0,1,1,1,0,1,1,0,1,1,1,0,1,0,0,0,0,1,0,0,0,0,2.016829628180649
30913072,1,1,1,0,1,0,1,1,1,1,0,1,1,0,0,1,0,0,0,1,1,0,0,0,0,2.0168210747042083
30915120,1,1,1,0,1,0,1,1,1,1,0,1,1,1,0,1,0,0,0,1,1,0,0,0,0,2.0168210747042083
30910984,1,1,1,0,1,0,1,1,1,1,0,1,0,1,0,1,0,0,0,0,0,1,0,0,0,2.016748371129311
31325728,1,1,1,0,1,1,1,0,1,1,1,1,1,1,1,1,0,0,0,1,0,0,0,0,0,2.0158335725876544
31453704,1,1,1,0,1,1,1,1,1,1,1,1,1,0,0,1,0,0,0,0,0,1,0,0,0,2.0153035273641082
14530048,0,1,1,0,1,1,1,0,1,1,0,1,1,0,1,1,0,0,0,0,0,0,0,0,0,2.0152976493837684
30931512,1,1,1,0,1,0,1,1,1,1,1,1,1,1,0,1,0,0,0,1,1,1,0,0,0,2.0152754968717987
14005796,0,1,1,0,1,0,1,0,1,1,0,1,1,0,1,1,0,0,0,1,0,0,1,0,0,2.0149863027528334
14007844,0,1,1,0,1,0,1,0,1,1,0,1,1,1,1,1,0,0,0,1,0,0,1,0,0,2.0149863027528334
14133800,0,1,1,0,1,0,1,1,1,1,0,1,0,1,0,1,0,0,0,1,0,1,0,0,0,2.014770626611705
30930480,1,1,1,0,1,0,1,1,1,1,1,1,1,0,1,1,0,0,0,1,1,0,0,0,0,2.0146961580439955
30932528,1,1,1,0,1,0,1,1,1,1,1,1,1,1,1,1,0,0,0,1,1,0,0,0,0,2.0146961580439955
14658088,0,1,1,0,1,1,1,1,1,1,0,1,0,1,0,1,0,0,0,1,0,1,0,0,0,2.0146435912986593
14548528,0,1,1,0,1,1,1,0,1,1,1,1,1,1,1,1,0,0,0,1,1,0,0,0,0,2.0144970727539393
14676536,0,1,1,0,1,1,1,1,1,1,1,1,1,0,0,1,0,0,0,1,1,1,0,0,0,2.014271985925954
30785060,1,1,1,0,1,0,1,0,1,1,0,1,1,1,1,1,0,0,0,1,0,0,1,0,0,2.0142332081762033
30783012,1,1,1,0,1,0,1,0,1,1,0,1,1,0,1,1,0,0,0,1,0,0,1,0,0,2.0142332081762033
31451688,1,1,1,0,1,1,1,1,1,1,1,1,0,1,0,1,0,0,0,1,0,1,0,0,0,2.0142191093221378
16252416,0,1,1,1,1,0,1,1,1,1,1,1,1,1,1,1,0,0,0,0,0,0,0,0,0,2.0141631083444627
16250368,0,1,1,1,1,0,1,1,1,1,1,1,1,0,1,1,0,0,0,0,0,0,0,0,0,2.0141631083444627
14529040,0,1,1,0,1,1,1,0,1,1,0,1,1,0,0,1,0,0,0,0,1,0,0,0,0,2.0140223606237653
14154244,0,1,1,0,1,0,1,1,1,1,1,1,1,1,0,1,0,0,0,0,0,0,1,0,0,2.013689141887933
14152196,0,1,1,0,1,0,1,1,1,1,1,1,1,0,0,1,0,0,0,0,0,0,1,0,0,2.013689141887933
14663216,0,1,1,0,1,1,1,1,1,1,0,1,1,1,1,1,0,0,0,1,1,0,0,0,0,2.0134997369108225
14661168,0,1,1,0,1,1,1,1,1,1,0,1,1,0,1,1,0,0,0,1,1,0,0,0,0,2.0134997369108225
14676520,0,1,1,0,1,1,1,1,1,1,1,1,1,0,0,1,0,0,0,1,0,1,0,0,0,2.0133267300689695
27245056,1,1,0,0,1,1,1,1,1,1,0,1,1,1,0,1,0,0,0,0,0,0,0,0,0,2.0132808452908684
27243008,1,1,0,0,1,1,1,1,1,1,0,1,1,0,0,1,0,0,0,0,0,0,0,0,0,2.0132808452908684
14531072,0,1,1,0,1,1,1,0,1,1,0,1,1,1,0,1,0,0,0,0,0,0,0,0,0,2.0128360339851286
31454724,1,1,1,0,1,1,1,1,1,1,1,1,1,0,1,1,0,0,0,0,0,0,1,0,0,2.012772399766968
31456772,1,1,1,0,1,1,1,1,1,1,1,1,1,1,1,1,0,0,0,0,0,0,1,0,0,2.012772399766968
14672440,0,1,1,0,1,1,1,1,1,1,1,1,0,0,0,1,0,0,0,1,1,1,0,0,0,2.0127408901297232
31309328,1,1,1,0,1,1,1,0,1,1,0,1,1,1,1,1,0,0,0,0,1,0,0,0,0,2.0118532850179447
30916144,1,1,1,0,1,0,1,1,1,1,0,1,1,1,1,1,0,0,0,1,1,0,0,0,0,2.0118447456506976
30914096,1,1,1,0,1,0,1,1,1,1,0,1,1,0,1,1,0,0,0,1,1,0,0,0,0,2.0118447456506976
30798356,1,1,1,0,1,0,1,0,1,1,1,1,1,0,0,1,0,0,0,0,1,0,1,0,0,2.01166079741913
30800404,1,1,1,0,1,0,1,0,1,1,1,1,1,1,0,1,0,0,0,0,1,0,1,0,0,2.01166079741913
14019112,0,1,1,0,1,0,1,0,1,1,1,1,0,1,0,1,0,0,0,1,0,1,0,0,0,2.0116450162049873
30929432,1,1,1,0,1,0,1,1,1,1,1,1,1,0,0,1,0,0,0,0,1,1,0,0,0,2.0115492772415804
14548480,0,1,1,0,1,1,1,0,1,1,1,1,1,1,1,1,0,0,0,0,0,0,0,0,0,2.011435258689115
16233984,0,1,1,1,1,0,1,1,1,1,0,1,1,0,1,1,0,0,0,0,0,0,0,0,0,2.01131220012951
16236032,0,1,1,1,1,0,1,1,1,1,0,1,1,1,1,1,0,0,0,0,0,0,0,0,0,2.01131220012951
10467872,0,1,0,0,1,1,1,1,1,1,0,1,1,1,0,1,0,0,0,1,0,0,0,0,0,2.0113053740421507
10465824,0,1,0,0,1,1,1,1,1,1,0,1,1,0,0,1,0,0,0,1,0,0,0,0,0,2.0113053740421507
14131720,0,1,1,0,1,0,1,1,1,1,0,1,0,0,0,1,0,0,0,0,0,1,0,0,0,2.0110450308904713
14656008,0,1,1,0,1,1,1,1,1,1,0,1,0,0,0,1,0,0,0,0,0,1,0,0,0,2.0109181525652287
30796328,1,1,1,0,1,0,1,0,1,1,1,1,0,1,0,1,0,0,0,1,0,1,0,0,0,2.010892756227432
14137860,0,1,1,0,1,0,1,1,1,1,0,1,1,1,0,1,0,0,0,0,0,0,1,0,0,2.010838681968184
14135812,0,1,1,0,1,0,1,1,1,1,0,1,1,0,0,1,0,0,0,0,0,0,1,0,0,2.010838681968184
14150200,0,1,1,0,1,0,1,1,1,1,1,1,0,1,0,1,0,0,0,1,1,1,0,0,0,2.0107998643134066
14677540,0,1,1,0,1,1,1,1,1,1,1,1,1,0,1,1,0,0,0,1,0,0,1,0,0,2.0107972618491163
14679588,0,1,1,0,1,1,1,1,1,1,1,1,1,1,1,1,0,0,0,1,0,0,1,0,0,2.0107972618491163
31449608,1,1,1,0,1,1,1,1,1,1,1,1,0,0,0,1,0,0,0,0,0,1,0,0,0,2.010494195155393
31307264,1,1,1,0,1,1,1,0,1,1,0,1,1,0,1,1,0,0,0,0,0,0,0,0,0,2.010384733246446
14547472,0,1,1,0,1,1,1,0,1,1,1,1,1,1,0,1,0,0,0,0,1,0,0,0,0,2.0101616034870595
14532128,0,1,1,0,1,1,1,0,1,1,0,1,1,1,1,1,0,0,0,1,0,0,0,0,0,2.0099390869967424
30911016,1,1,1,0,1,0,1,1,1,1,0,1,0,1,0,1,0,0,0,1,0,1,0,0,0,2.0098585691686086
33027584,1,1,1,1,1,0,1,1,1,1,1,1,1,0,1,1,0,0,0,0,0,0,0,0,0,2.0092520407493497
33029632,1,1,1,1,1,0,1,1,1,1,1,1,1,1,1,1,0,0,0,0,0,0,0,0,0,2.0092520407493497
14152208,0,1,1,0,1,0,1,1,1,1,1,1,1,0,0,1,0,0,0,0,1,0,0,0,0,2.0090866483611043
14154256,0,1,1,0,1,0,1,1,1,1,1,1,1,1,0,1,0,0,0,0,1,0,0,0,0,2.0090866483611043
14530064,0,1,1,0,1,1,1,0,1,1,0,1,1,0,1,1,0,0,0,0,1,0,0,0,0,2.0090506481258434
30784020,1,1,1,0,1,0,1,0,1,1,0,1,1,1,0,1,0,0,0,0,1,0,1,0,0,2.008812255983451
30781972,1,1,1,0,1,0,1,0,1,1,0,1,1,0,0,1,0,0,0,0,1,0,1,0,0,2.008812255983451
30929412,1,1,1,0,1,0,1,1,1,1,1,1,1,0,0,1,0,0,0,0,0,0,1,0,0,2.008778846540778
30931460,1,1,1,0,1,0,1,1,1,1,1,1,1,1,0,1,0,0,0,0,0,0,1,0,0,2.008778846540778
14531120,0,1,1,0,1,1,1,0,1,1,0,1,1,1,0,1,0,0,0,1,1,0,0,0,0,2.008666064584933
14024196,0,1,1,0,1,0,1,0,1,1,1,1,1,1,1,1,0,0,0,0,0,0,1,0,0,2.008529559755297
14022148,0,1,1,0,1,0,1,0,1,1,1,1,1,0,1,1,0,0,0,0,0,0,1,0,0,2.008529559755297
31453736,1,1,1,0,1,1,1,1,1,1,1,1,1,0,0,1,0,0,0,1,0,1,0,0,0,2.0084170252104103
14651936,0,1,1,0,1,1,1,1,1,1,0,0,1,0,0,1,0,0,0,1,0,0,0,0,0,2.007936075493149
14653984,0,1,1,0,1,1,1,1,1,1,0,0,1,1,0,1,0,0,0,1,0,0,0,0,0,2.007936075493149
31308288,1,1,1,0,1,1,1,0,1,1,0,1,1,1,0,1,0,0,0,0,0,0,0,0,0,2.007927128632618
30801412,1,1,1,0,1,0,1,0,1,1,1,1,1,1,1,1,0,0,0,0,0,0,1,0,0,2.007778077968128
30799364,1,1,1,0,1,0,1,0,1,1,1,1,1,0,1,1,0,0,0,0,0,0,1,0,0,2.007778077968128
16250400,0,1,1,1,1,0,1,1,1,1,1,1,1,0,1,1,0,0,0,1,0,0,0,0,0,2.0072792107371935
16252448,0,1,1,1,1,0,1,1,1,1,1,1,1,1,1,1,0,0,0,1,0,0,0,0,0,2.0072792107371935
14148120,0,1,1,0,1,0,1,1,1,1,1,1,0,0,0,1,0,0,0,0,1,1,0,0,0,2.0070791755840673
14663172,0,1,1,0,1,1,1,1,1,1,0,1,1,1,1,1,0,0,0,0,0,0,1,0,0,2.0068838972777914
14661124,0,1,1,0,1,1,1,1,1,1,0,1,1,0,1,1,0,0,0,0,0,0,1,0,0,2.0068838972777914
14152228,0,1,1,0,1,0,1,1,1,1,1,1,1,0,0,1,0,0,0,1,0,0,1,0,0,2.006806326749143
14154276,0,1,1,0,1,0,1,1,1,1,1,1,1,1,0,1,0,0,0,1,0,0,1,0,0,2.006806326749143
30930452,1,1,1,0,1,0,1,1,1,1,1,1,1,0,1,1,0,0,0,0,1,0,1,0,0,2.0065443262203044
30932500,1,1,1,0,1,0,1,1,1,1,1,1,1,1,1,1,0,0,0,0,1,0,1,0,0,2.0065443262203044
31325696,1,1,1,0,1,1,1,0,1,1,1,1,1,1,1,1,0,0,0,0,0,0,0,0,0,2.0065286356623835
33013248,1,1,1,1,1,0,1,1,1,1,0,1,1,1,1,1,0,0,0,0,0,0,0,0,0,2.006405777605831
33011200,1,1,1,1,1,0,1,1,1,1,0,1,1,0,1,1,0,0,0,0,0,0,0,0,0,2.006405777605831
27243040,1,1,0,0,1,1,1,1,1,1,0,1,1,0,0,1,0,0,0,1,0,0,0,0,0,2.0063989626404233
27245088,1,1,0,0,1,1,1,1,1,1,0,1,1,1,0,1,0,0,0,1,0,0,0,0,0,2.0063989626404233
14137872,0,1,1,0,1,0,1,1,1,1,0,1,1,1,0,1,0,0,0,0,1,0,0,0,0,2.006240541651893
14135824,0,1,1,0,1,0,1,1,1,1,0,1,1,0,0,1,0,0,0,0,1,0,0,0,0,2.006240541651893
30908936,1,1,1,0,1,0,1,1,1,1,0,1,0,0,0,1,0,0,0,0,0,1,0,0,0,2.0061390436737563
30915076,1,1,1,0,1,0,1,1,1,1,0,1,1,1,0,1,0,0,0,0,0,0,1,0,0,2.0059330309620416
30913028,1,1,1,0,1,0,1,1,1,1,0,1,1,0,0,1,0,0,0,0,0,0,1,0,0,2.0059330309620416
31454756,1,1,1,0,1,1,1,1,1,1,1,1,1,0,1,1,0,0,0,1,0,0,1,0,0,2.005891678330034
31456804,1,1,1,0,1,1,1,1,1,1,1,1,1,1,1,1,0,0,0,1,0,0,1,0,0,2.005891678330034
14007812,0,1,1,0,1,0,1,0,1,1,0,1,1,1,1,1,0,0,0,0,0,0,1,0,0,2.0056839799613275
14005764,0,1,1,0,1,0,1,0,1,1,0,1,1,0,1,1,0,0,0,0,0,0,1,0,0,2.0056839799613275
14548496,0,1,1,0,1,1,1,0,1,1,1,1,1,1,1,1,0,0,0,0,1,0,0,0,0,2.0051962594138577
31309344,1,1,1,0,1,1,1,0,1,1,0,1,1,1,1,1,0,0,0,1,0,0,0,0,0,2.0050349017280387
30785028,1,1,1,0,1,0,1,0,1,1,0,1,1,1,1,1,0,0,0,0,0,0,1,0,0,2.0049332089537426
30782980,1,1,1,0,1,0,1,0,1,1,0,1,1,0,1,1,0,0,0,0,0,0,1,0,0,2.0049332089537426
31451672,1,1,1,0,1,1,1,1,1,1,1,1,0,1,0,1,0,0,0,0,1,1,0,0,0,2.004829452996111
14154264,0,1,1,0,1,0,1,1,1,1,1,1,1,1,0,1,0,0,0,0,1,1,0,0,0,2.004700384438385
30929464,1,1,1,0,1,0,1,1,1,1,1,1,1,0,0,1,0,0,0,1,1,1,0,0,0,2.0046713492335093
14653952,0,1,1,0,1,1,1,1,1,1,0,0,1,1,0,1,0,0,0,0,0,0,0,0,0,2.004590720260465
14651904,0,1,1,0,1,1,1,1,1,1,0,0,1,0,0,1,0,0,0,0,0,0,0,0,0,2.004590720260465
16234016,0,1,1,1,1,0,1,1,1,1,0,1,1,0,1,1,0,0,0,1,0,0,0,0,0,2.0044348135700956
16236064,0,1,1,1,1,0,1,1,1,1,0,1,1,1,1,1,0,0,0,1,0,0,0,0,0,2.0044348135700956
14131752,0,1,1,0,1,0,1,1,1,1,0,1,0,0,0,1,0,0,0,1,0,1,0,0,0,2.004168254505629
14155280,0,1,1,0,1,0,1,1,1,1,1,1,1,1,1,1,0,0,0,0,1,0,0,0,0,2.0041230774558465
14153232,0,1,1,0,1,0,1,1,1,1,1,1,1,0,1,1,0,0,0,0,1,0,0,0,0,2.0041230774558465
14656040,0,1,1,0,1,1,1,1,1,1,0,1,0,0,0,1,0,0,0,1,0,1,0,0,0,2.0040416659514997
14135844,0,1,1,0,1,0,1,1,1,1,0,1,1,0,0,1,0,0,0,1,0,0,1,0,0,2.0039623768534094
14137892,0,1,1,0,1,0,1,1,1,1,0,1,1,1,0,1,0,0,0,1,0,0,1,0,0,2.0039623768534094
14154248,0,1,1,0,1,0,1,1,1,1,1,1,1,1,0,1,0,0,0,0,0,1,0,0,0,2.003758130172633
14532144,0,1,1,0,1,1,1,0,1,1,0,1,1,1,1,1,0,0,0,1,1,0,0,0,0,2.0037031874441427
30916116,1,1,1,0,1,0,1,1,1,1,0,1,1,1,1,1,0,0,0,0,1,0,1,0,0,2.003700624134471
30914068,1,1,1,0,1,0,1,1,1,1,0,1,1,0,1,1,0,0,0,0,1,0,1,0,0,2.003700624134471
31449640,1,1,1,0,1,1,1,1,1,1,1,1,0,0,0,1,0,0,0,1,0,1,0,0,0,2.0036186767969624
31429152,1,1,1,0,1,1,1,1,1,1,0,0,1,0,0,1,0,0,0,1,0,0,0,0,0,2.0030351537919877
31431200,1,1,1,0,1,1,1,1,1,1,0,0,1,1,0,1,0,0,0,1,0,0,0,0,0,2.0030351537919877
33029664,1,1,1,1,1,0,1,1,1,1,1,1,1,1,1,1,0,0,0,1,0,0,0,0,0,2.0023793592857504
33027616,1,1,1,1,1,0,1,1,1,1,1,1,1,0,1,1,0,0,0,1,0,0,0,0,0,2.0023793592857504
14019080,0,1,1,0,1,0,1,0,1,1,1,1,0,1,0,1,0,0,0,0,0,1,0,0,0,2.0023530024905
14152240,0,1,1,0,1,0,1,1,1,1,1,1,1,0,0,1,0,0,0,1,1,0,0,0,0,2.0022143446289764
14154288,0,1,1,0,1,0,1,1,1,1,1,1,1,1,0,1,0,0,0,1,1,0,0,0,0,2.0022143446289764
31438340,1,1,1,0,1,1,1,1,1,1,0,1,1,0,1,1,0,0,0,0,0,0,1,0,0,2.001984689922587
31440388,1,1,1,0,1,1,1,1,1,1,0,1,1,1,1,1,0,0,0,0,0,0,1,0,0,2.001984689922587
9957888,0,1,0,0,1,0,1,1,1,1,1,1,1,0,0,1,0,0,0,0,0,0,0,0,0,2.0019355424601257
9959936,0,1,0,0,1,0,1,1,1,1,1,1,1,1,0,1,0,0,0,0,0,0,0,0,0,2.0019355424601257
30931492,1,1,1,0,1,0,1,1,1,1,1,1,1,1,0,1,0,0,0,1,0,0,1,0,0,2.0019072457819593
30929444,1,1,1,0,1,0,1,1,1,1,1,1,1,0,0,1,0,0,0,1,0,0,1,0,0,2.0019072457819593
31439384,1,1,1,0,1,1,1,1,1,1,0,1,1,1,0,1,0,0,0,0,1,1,0,0,0,2.001880864947835
30796296,1,1,1,0,1,0,1,0,1,1,1,1,0,1,0,1,0,0,0,0,0,1,0,0,0,2.00160306350695
14138896,0,1,1,0,1,0,1,1,1,1,0,1,1,1,1,1,0,0,0,0,1,0,0,0,0,2.0012816654776637
14136848,0,1,1,0,1,0,1,1,1,1,0,1,1,0,1,1,0,0,0,0,1,0,0,0,0,2.0012816654776637
14017064,0,1,1,0,1,0,1,0,1,1,1,1,0,0,0,1,0,0,0,1,0,1,0,0,0,2.0010536362733395
14532096,0,1,1,0,1,1,1,0,1,1,0,1,1,1,1,1,0,0,0,0,0,0,0,0,0,2.0006523366906297
30794280,1,1,1,0,1,0,1,0,1,1,1,1,0,0,0,1,0,0,0,1,0,1,0,0,0,2.0003040218503525
14148152,0,1,1,0,1,0,1,1,1,1,1,1,0,0,0,1,0,0,0,1,1,1,0,0,0,2.000211456619435
14150156,0,1,1,0,1,0,1,1,1,1,1,1,0,1,0,1,0,0,0,0,0,1,1,0,0,2.0000837062669423
14661156,0,1,1,0,1,1,1,1,1,1,0,1,1,0,1,1,0,0,0,1,0,0,1,0,0,2.0000166242995965
14663204,0,1,1,0,1,1,1,1,1,1,0,1,1,1,1,1,0,0,0,1,0,0,1,0,0,2.0000166242995965
31431168,1,1,1,0,1,1,1,1,1,1,0,0,1,1,0,1,0,0,0,0,0,0,0,0,0,1.9996952492482967
31429120,1,1,1,0,1,1,1,1,1,1,0,0,1,0,0,1,0,0,0,0,0,0,0,0,0,1.9996952492482967
30932532,1,1,1,0,1,0,1,1,1,1,1,1,1,1,1,1,0,0,0,1,1,0,1,0,0,1.9996778287716033
30930484,1,1,1,0,1,0,1,1,1,1,1,1,1,0,1,1,0,0,0,1,1,0,1,0,0,1.9996778287716033
33011232,1,1,1,1,1,0,1,1,1,1,0,1,1,0,1,1,0,0,0,1,0,0,0,0,0,1.9995395965814378
33013280,1,1,1,1,1,0,1,1,1,1,0,1,1,1,1,1,0,0,0,1,0,0,0,0,0,1.9995395965814378
14531088,0,1,1,0,1,1,1,0,1,1,0,1,1,1,0,1,0,0,0,0,1,0,0,0,0,1.9993832420132134
14137904,0,1,1,0,1,0,1,1,1,1,0,1,1,1,0,1,0,0,0,1,1,0,0,0,0,1.9993747380016988
14135856,0,1,1,0,1,0,1,1,1,1,0,1,1,0,0,1,0,0,0,1,1,0,0,0,0,1.9993747380016988
14021172,0,1,1,0,1,0,1,0,1,1,1,1,1,0,0,1,0,0,0,1,1,0,1,0,0,1.9993667016215988
14023220,0,1,1,0,1,0,1,0,1,1,1,1,1,1,0,1,0,0,0,1,1,0,1,0,0,1.9993667016215988
30908968,1,1,1,0,1,0,1,1,1,1,0,1,0,0,0,1,0,0,0,1,0,1,0,0,0,1.9992734718297593
9943552,0,1,0,0,1,0,1,1,1,1,0,1,1,1,0,1,0,0,0,0,0,0,0,0,0,1.9990961995343681
9941504,0,1,0,0,1,0,1,1,1,1,0,1,1,0,0,1,0,0,0,0,0,0,0,0,0,1.9990961995343681
30915108,1,1,1,0,1,0,1,1,1,1,0,1,1,1,0,1,0,0,0,1,0,0,1,0,0,1.999067929620258
30913060,1,1,1,0,1,0,1,1,1,1,0,1,1,0,0,1,0,0,0,1,0,0,1,0,0,1.999067929620258
30931464,1,1,1,0,1,0,1,1,1,1,1,1,1,1,0,1,0,0,0,0,0,1,0,0,0,1.998864015724809
30927388,1,1,1,0,1,0,1,1,1,1,1,1,0,1,0,1,0,0,0,0,1,1,1,0,0,1.9986176625253005
31323700,1,1,1,0,1,1,1,0,1,1,1,1,1,0,1,1,0,0,0,1,1,0,1,0,0,1.9981400676597765
30796344,1,1,1,0,1,0,1,0,1,1,1,1,0,1,0,1,0,0,0,1,1,1,0,0,0,1.9980021041802576
31451704,1,1,1,0,1,1,1,1,1,1,1,1,0,1,0,1,0,0,0,1,1,1,0,0,0,1.9979668720613013
14154296,0,1,1,0,1,0,1,1,1,1,1,1,1,1,0,1,0,0,0,1,1,1,0,0,0,1.997838098276852
33550864,1,1,1,1,1,1,1,1,1,1,1,1,1,0,0,1,0,0,0,0,1,0,0,0,0,1.9975126274080217
33552912,1,1,1,1,1,1,1,1,1,1,1,1,1,1,0,1,0,0,0,0,1,0,0,0,0,1.9975126274080217
14155312,0,1,1,0,1,0,1,1,1,1,1,1,1,1,1,1,0,0,0,1,1,0,0,0,0,1.997262109777094
14153264,0,1,1,0,1,0,1,1,1,1,1,1,1,0,1,1,0,0,0,1,1,0,0,0,0,1.997262109777094
26737152,1,1,0,0,1,0,1,1,1,1,1,1,1,1,0,1,0,0,0,0,0,0,0,0,0,1.9970443976098755
26735104,1,1,0,0,1,0,1,1,1,1,1,1,1,0,0,1,0,0,0,0,0,0,0,0,0,1.9970443976098755
32897584,1,1,1,1,1,0,1,0,1,1,1,1,1,1,0,1,0,0,0,1,1,0,0,0,0,1.9969472847812342
32895536,1,1,1,1,1,0,1,0,1,1,1,1,1,0,0,1,0,0,0,1,1,0,0,0,0,1.9969472847812342
14154280,0,1,1,0,1,0,1,1,1,1,1,1,1,1,0,1,0,0,0,1,0,1,0,0,0,1.9968979959788777
30914100,1,1,1,0,1,0,1,1,1,1,0,1,1,0,1,1,0,0,0,1,1,0,1,0,0,1.9968406212759036
30916148,1,1,1,0,1,0,1,1,1,1,0,1,1,1,1,1,0,0,0,1,1,0,1,0,0,1.9968406212759036
14004788,0,1,1,0,1,0,1,0,1,1,0,1,1,0,0,1,0,0,0,1,1,0,1,0,0,1.9965297884015956
14006836,0,1,1,0,1,0,1,0,1,1,0,1,1,1,0,1,0,0,0,1,1,0,1,0,0,1.9965297884015956
30911000,1,1,1,0,1,0,1,1,1,1,0,1,0,1,0,1,0,0,0,0,1,1,0,0,0,1.9957789511053308
14655008,0,1,1,0,1,1,1,1,1,1,0,0,1,1,1,1,0,0,0,1,0,0,0,0,0,1.9957721932866108
14652960,0,1,1,0,1,1,1,1,1,1,0,0,1,0,1,1,0,0,0,1,0,0,0,0,0,1.9957721932866108
31309312,1,1,1,0,1,1,1,0,1,1,0,1,1,1,1,1,0,0,0,0,0,0,0,0,0,1.9957632826065543
33419824,1,1,1,1,1,1,1,0,1,1,1,1,1,0,0,1,0,0,0,1,1,0,0,0,0,1.9954935591448364
30927372,1,1,1,0,1,0,1,1,1,1,1,1,0,1,0,1,0,0,0,0,0,1,1,0,0,1.9951955786697049
10485248,0,1,0,0,1,1,1,1,1,1,1,1,1,1,1,1,0,0,0,0,0,0,0,0,0,1.995192329379543
10483200,0,1,0,0,1,1,1,1,1,1,1,1,1,0,1,1,0,0,0,0,0,0,0,0,0,1.995192329379543
31440420,1,1,1,0,1,1,1,1,1,1,0,1,1,1,1,1,0,0,0,1,0,0,1,0,0,1.995128606001048
31438372,1,1,1,0,1,1,1,1,1,1,0,1,1,0,1,1,0,0,0,1,0,0,1,0,0,1.995128606001048
9959968,0,1,0,0,1,0,1,1,1,1,1,1,1,1,0,1,0,0,0,1,0,0,0,0,0,1.9950795707840385
9957920,0,1,0,0,1,0,1,1,1,1,1,1,1,0,0,1,0,0,0,1,0,0,0,0,0,1.9950795707840385
31439416,1,1,1,0,1,1,1,1,1,1,0,1,1,1,0,1,0,0,0,1,1,1,0,0,0,1.9950250181470055
14532112,0,1,1,0,1,1,1,0,1,1,0,1,1,1,1,1,0,0,0,0,1,0,0,0,0,1.9944356771426963
14136880,0,1,1,0,1,0,1,1,1,1,0,1,1,0,1,1,0,0,0,1,1,0,0,0,0,1.994427187158781
14138928,0,1,1,0,1,0,1,1,1,1,0,1,1,1,1,1,0,0,0,1,1,0,0,0,0,1.994427187158781
31449624,1,1,1,0,1,1,1,1,1,1,1,1,0,0,0,1,0,0,0,0,1,1,0,0,0,1.9942620420976682
26718720,1,1,0,0,1,0,1,1,1,1,0,1,1,0,0,1,0,0,0,0,0,0,0,0,0,1.9942096809118741
26720768,1,1,0,0,1,0,1,1,1,1,0,1,1,1,0,1,0,0,0,0,0,0,0,0,0,1.9942096809118741
14152216,0,1,1,0,1,0,1,1,1,1,1,1,1,0,0,1,0,0,0,0,1,1,0,0,0,1.9941334274493918
32879152,1,1,1,1,1,0,1,0,1,1,0,1,1,0,0,1,0,0,0,1,1,0,0,0,0,1.9941126599361787
32881200,1,1,1,1,1,0,1,0,1,1,0,1,1,1,0,1,0,0,0,1,1,0,0,0,0,1.9941126599361787
14150188,0,1,1,0,1,0,1,1,1,1,1,1,0,1,0,1,0,0,0,1,0,1,1,0,0,1.9932319639076774
14152200,0,1,1,0,1,0,1,1,1,1,1,1,1,0,0,1,0,0,0,0,0,1,0,0,0,1.9931944869118077
14654976,0,1,1,0,1,1,1,1,1,1,0,0,1,1,1,1,0,0,0,0,0,0,0,0,0,1.9924403664355044
14652928,0,1,1,0,1,1,1,1,1,1,0,0,1,0,1,1,0,0,0,0,0,0,0,0,0,1.9924403664355044
9941536,0,1,0,0,1,0,1,1,1,1,0,1,1,0,0,1,0,0,0,1,0,0,0,0,0,1.992246712492745
9943584,0,1,0,0,1,0,1,1,1,1,0,1,1,1,0,1,0,0,0,1,0,0,0,0,0,1.992246712492745
30931496,1,1,1,0,1,0,1,1,1,1,1,1,1,1,0,1,0,0,0,1,0,1,0,0,0,1.992015058956271
14017032,0,1,1,0,1,0,1,0,1,1,1,1,0,0,0,1,0,0,0,0,0,1,0,0,0,1.9917943007951824
30927420,1,1,1,0,1,0,1,1,1,1,1,1,0,1,0,1,0,0,0,1,1,1,1,0,0,1.9917692683906147
16771592,0,1,1,1,1,1,1,1,1,1,1,1,0,1,0,1,0,0,0,0,0,1,0,0,0,1.9916808522157206
16642592,0,1,1,1,1,1,1,0,1,1,1,1,1,0,0,1,0,0,0,1,0,0,0,0,0,1.991528209037301
31437336,1,1,1,0,1,1,1,1,1,1,0,1,1,0,0,1,0,0,0,0,1,1,0,0,0,1.9913238236700188
30794248,1,1,1,0,1,0,1,0,1,1,1,1,0,0,0,1,0,0,0,0,0,1,0,0,0,1.9910469992037079
14104068,0,1,1,0,1,0,1,1,1,0,0,1,1,0,1,1,0,0,0,0,0,0,1,0,0,1.9909485925010062
31432224,1,1,1,0,1,1,1,1,1,1,0,0,1,1,1,1,0,0,0,1,0,0,0,0,0,1.9908910905685595
31430176,1,1,1,0,1,1,1,1,1,1,0,0,1,0,1,1,0,0,0,1,0,0,0,0,0,1.9908910905685595
33552944,1,1,1,1,1,1,1,1,1,1,1,1,1,1,0,1,0,0,0,1,1,0,0,0,0,1.9906667570082257
33550896,1,1,1,1,1,1,1,1,1,1,1,1,1,0,0,1,0,0,0,1,1,0,0,0,0,1.9906667570082257
27260416,1,1,0,0,1,1,1,1,1,1,1,1,1,0,1,1,0,0,0,0,0,0,0,0,0,1.9903121714513858
27262464,1,1,0,0,1,1,1,1,1,1,1,1,1,1,1,1,0,0,0,0,0,0,0,0,0,1.9903121714513858
26735136,1,1,0,0,1,0,1,1,1,1,1,1,1,0,0,1,0,0,0,1,0,0,0,0,0,1.9901995965768893
26737184,1,1,0,0,1,0,1,1,1,1,1,1,1,1,0,1,0,0,0,1,0,0,0,0,0,1.9901995965768893
14023188,0,1,1,0,1,0,1,0,1,1,1,1,1,1,0,1,0,0,0,0,1,0,1,0,0,1.9901125709467415
14021140,0,1,1,0,1,0,1,0,1,1,1,1,1,0,0,1,0,0,0,0,1,0,1,0,0,1.9901125709467415
30800440,1,1,1,0,1,0,1,0,1,1,1,1,1,1,0,1,0,0,0,1,1,1,0,0,0,1.990100295167717
14148108,0,1,1,0,1,0,1,1,1,1,1,1,0,0,0,1,0,0,0,0,0,1,1,0,0,1.9895329852527315
32896564,1,1,1,1,1,0,1,0,1,1,1,1,1,0,1,1,0,0,0,1,1,0,1,0,0,1.9892694193125038
32898612,1,1,1,1,1,0,1,0,1,1,1,1,1,1,1,1,0,0,0,1,1,0,1,0,0,1.9892694193125038
14153236,0,1,1,0,1,0,1,1,1,1,1,1,1,0,1,1,0,0,0,0,1,0,1,0,0,1.989157420160122
14155284,0,1,1,0,1,0,1,1,1,1,1,1,1,1,1,1,0,0,0,0,1,0,1,0,0,1.989157420160122
30911032,1,1,1,0,1,0,1,1,1,1,0,1,0,1,0,1,0,0,0,1,1,1,0,0,0,1.9889370401628443
14129696,0,1,1,0,1,0,1,1,1,1,0,0,1,1,0,1,0,0,0,1,0,0,0,0,0,1.9888987383571546
14127648,0,1,1,0,1,0,1,1,1,1,0,0,1,0,0,1,0,0,0,1,0,0,0,0,0,1.9888987383571546
31323668,1,1,1,0,1,1,1,0,1,1,1,1,1,0,1,1,0,0,0,0,1,0,1,0,0,1.9888897215941725
16120352,0,1,1,1,1,0,1,0,1,1,1,1,1,1,0,1,0,0,0,1,0,0,0,0,0,1.9888500231019826
16118304,0,1,1,1,1,0,1,0,1,1,1,1,1,0,0,1,0,0,0,1,0,0,0,0,0,1.9888500231019826
30796312,1,1,1,0,1,0,1,0,1,1,1,1,0,1,0,1,0,0,0,0,1,1,0,0,0,1.9887521837818678
14023204,0,1,1,0,1,0,1,0,1,1,1,1,1,1,0,1,0,0,0,1,0,0,1,0,0,1.988462917902165
14021156,0,1,1,0,1,0,1,0,1,1,1,1,1,0,0,1,0,0,0,1,0,0,1,0,0,1.988462917902165
30927404,1,1,1,0,1,0,1,1,1,1,1,1,0,1,0,1,0,0,0,1,0,1,1,0,0,1.9883550000625865
10483232,0,1,0,0,1,1,1,1,1,1,1,1,1,0,1,1,0,0,0,1,0,0,0,0,0,1.9883517581933172
10485280,0,1,0,0,1,1,1,1,1,1,1,1,1,1,1,1,0,0,0,1,0,0,0,0,0,1.9883517581933172
30929416,1,1,1,0,1,0,1,1,1,1,1,1,1,0,0,1,0,0,0,0,0,1,0,0,0,1.9883175841291254
14676484,0,1,1,0,1,1,1,1,1,1,1,1,1,0,0,1,0,0,0,0,0,0,1,0,0,1.9883129156727546
14678532,0,1,1,0,1,1,1,1,1,1,1,1,1,1,0,1,0,0,0,0,0,0,1,0,0,1.9883129156727546
32895520,1,1,1,1,1,0,1,0,1,1,1,1,1,0,0,1,0,0,0,1,0,0,0,0,0,1.9881034569432232
32897568,1,1,1,1,1,0,1,0,1,1,1,1,1,1,0,1,0,0,0,1,0,0,0,0,0,1.9881034569432232
30925340,1,1,1,0,1,0,1,1,1,1,1,1,0,0,0,1,0,0,0,0,1,1,1,0,0,1.9880720973067363
14674585,0,1,1,0,1,1,1,1,1,1,1,1,0,1,0,1,0,1,0,0,1,1,0,0,1,1.9879069393682718
14674584,0,1,1,0,1,1,1,1,1,1,1,1,0,1,0,1,0,1,0,0,1,1,0,0,0,1.9879069393682718
16773634,0,1,1,1,1,1,1,1,1,1,1,1,1,0,0,1,0,0,0,0,0,0,0,1,0,1.9878991778883062
16775682,0,1,1,1,1,1,1,1,1,1,1,1,1,1,0,1,0,0,0,0,0,0,0,1,0,1.9878991778883062
33550850,1,1,1,1,1,1,1,1,1,1,1,1,1,0,0,1,0,0,0,0,0,0,0,1,0,1.9878991778883062
33552898,1,1,1,1,1,1,1,1,1,1,1,1,1,1,0,1,0,0,0,0,0,0,0,1,0,1.9878991778883062
30800420,1,1,1,0,1,0,1,0,1,1,1,1,1,1,0,1,0,0,0,1,0,0,1,0,0,1.987716448435993
30798372,1,1,1,0,1,0,1,0,1,1,1,1,1,0,0,1,0,0,0,1,0,0,1,0,0,1.987716448435993
32895504,1,1,1,1,1,0,1,0,1,1,1,1,1,0,0,1,0,0,0,0,1,0,0,0,0,1.987700618882053
32897552,1,1,1,1,1,0,1,0,1,1,1,1,1,1,0,1,0,0,0,0,1,0,0,0,0,1.987700618882053
31430144,1,1,1,0,1,1,1,1,1,1,0,0,1,0,1,1,0,0,0,0,0,0,0,0,0,1.9875646923642425
31432192,1,1,1,0,1,1,1,1,1,1,0,0,1,1,1,1,0,0,0,0,0,0,0,0,0,1.9875646923642425
30794296,1,1,1,0,1,0,1,0,1,1,1,1,0,0,0,1,0,0,0,1,1,1,0,0,0,1.9874587037627465
31449656,1,1,1,0,1,1,1,1,1,1,1,1,0,0,0,1,0,0,0,1,1,1,0,0,0,1.987423595548419
31307316,1,1,1,0,1,1,1,0,1,1,0,1,1,0,1,1,0,0,0,1,1,0,1,0,0,1.9874047512033364
26718752,1,1,0,0,1,0,1,1,1,1,0,1,1,0,0,1,0,0,0,1,0,0,0,0,0,1.9873713539477398
26720800,1,1,0,0,1,0,1,1,1,1,0,1,1,1,0,1,0,0,0,1,0,0,0,0,0,1.9873713539477398
14152248,0,1,1,0,1,0,1,1,1,1,1,1,1,0,0,1,0,0,0,1,1,1,0,0,0,1.9872952746367578
14006804,0,1,1,0,1,0,1,0,1,1,0,1,1,1,0,1,0,0,0,0,1,0,1,0,0,1.9872844106296885
14004756,0,1,1,0,1,0,1,0,1,1,0,1,1,0,0,1,0,0,0,0,1,0,1,0,0,1.9872844106296885
14106116,0,1,1,0,1,0,1,1,1,0,0,1,1,1,1,1,0,0,0,0,0,0,1,0,0,1.9872667640321053
33536528,1,1,1,1,1,1,1,1,1,1,0,1,1,1,0,1,0,0,0,0,1,0,0,0,0,1.986779557601007
33534480,1,1,1,1,1,1,1,1,1,1,0,1,1,0,0,1,0,0,0,0,1,0,0,0,0,1.986779557601007
33419808,1,1,1,1,1,1,1,0,1,1,1,1,1,0,0,1,0,0,0,1,0,0,0,0,0,1.9866540211718213
32882228,1,1,1,1,1,0,1,0,1,1,0,1,1,1,1,1,0,0,0,1,1,0,1,0,0,1.986442056479805
32880180,1,1,1,1,1,0,1,0,1,1,0,1,1,0,1,1,0,0,0,1,1,0,1,0,0,1.986442056479805
14152232,0,1,1,0,1,0,1,1,1,1,1,1,1,0,0,1,0,0,0,1,0,1,0,0,0,1.986358478498892
14136852,0,1,1,0,1,0,1,1,1,1,0,1,1,0,1,1,0,0,0,0,1,0,1,0,0,1.9863301632604111
14138900,0,1,1,0,1,0,1,1,1,1,0,1,1,1,1,1,0,0,0,0,1,0,1,0,0,1.9863301632604111
33419792,1,1,1,1,1,1,1,0,1,1,1,1,1,0,0,1,0,0,0,0,1,0,0,0,0,1.986251378514828
16101920,0,1,1,1,1,0,1,0,1,1,0,1,1,0,0,1,0,0,0,1,0,0,0,0,0,1.9860230569499078
16103968,0,1,1,1,1,0,1,0,1,1,0,1,1,1,0,1,0,0,0,1,0,0,0,0,0,1.9860230569499078
33553936,1,1,1,1,1,1,1,1,1,1,1,1,1,1,1,1,0,0,0,0,1,0,0,0,0,1.9858404067243052
33551888,1,1,1,1,1,1,1,1,1,1,1,1,1,0,1,1,0,0,0,0,1,0,0,0,0,1.9858404067243052
30931484,1,1,1,0,1,0,1,1,1,1,1,1,1,1,0,1,0,0,0,0,1,1,1,0,0,1.985708341970514
14006820,0,1,1,0,1,0,1,0,1,1,0,1,1,1,0,1,0,0,0,1,0,0,1,0,0,1.985636317888668
14004772,0,1,1,0,1,0,1,0,1,1,0,1,1,0,0,1,0,0,0,1,0,0,1,0,0,1.985636317888668
14129664,0,1,1,0,1,0,1,1,1,1,0,0,1,1,0,1,0,0,0,0,0,0,0,0,0,1.98557455599976
14127616,0,1,1,0,1,0,1,1,1,1,0,0,1,0,0,1,0,0,0,0,0,0,0,0,0,1.98557455599976
32896560,1,1,1,1,1,0,1,0,1,1,1,1,1,0,1,1,0,0,0,1,1,0,0,0,0,1.985277265524075
32898608,1,1,1,1,1,0,1,0,1,1,1,1,1,1,1,1,0,0,0,1,1,0,0,0,0,1.985277265524075
32881184,1,1,1,1,1,0,1,0,1,1,0,1,1,1,0,1,0,0,0,1,0,0,0,0,0,1.9852771969213472
32879136,1,1,1,1,1,0,1,0,1,1,0,1,1,0,0,1,0,0,0,1,0,0,0,0,0,1.9852771969213472
30908952,1,1,1,0,1,0,1,1,1,1,0,1,0,0,0,1,0,0,0,0,1,1,0,0,0,1.9852433690922915
30781988,1,1,1,0,1,0,1,0,1,1,0,1,1,0,0,1,0,0,0,1,0,0,1,0,0,1.9848905544612394
30784036,1,1,1,0,1,0,1,0,1,1,0,1,1,1,0,1,0,0,0,1,0,0,1,0,0,1.9848905544612394
32881168,1,1,1,1,1,0,1,0,1,1,0,1,1,1,0,1,0,0,0,0,1,0,0,0,0,1.9848747398794837
32879120,1,1,1,1,1,0,1,0,1,1,0,1,1,0,0,1,0,0,0,0,1,0,0,0,0,1.9848747398794837
16771624,0,1,1,1,1,1,1,1,1,1,1,1,0,1,0,1,0,0,0,1,0,1,0,0,0,1.9848483007180042
33403440,1,1,1,1,1,1,1,0,1,1,0,1,1,0,0,1,0,0,0,1,1,0,0,0,0,1.984767718932258
30925324,1,1,1,0,1,0,1,1,1,1,1,1,0,0,0,1,0,0,0,0,0,1,1,0,0,1.9846620482660269
14662168,0,1,1,0,1,1,1,1,1,1,0,1,1,1,0,1,0,0,0,0,1,1,0,0,0,1.9845209277776013
31437368,1,1,1,0,1,1,1,1,1,1,0,1,1,0,0,1,0,0,0,1,1,1,0,0,0,1.984492087572088
10468864,0,1,0,0,1,1,1,1,1,1,0,1,1,1,1,1,0,0,0,0,0,0,0,0,0,1.9844675677679584
10466816,0,1,0,0,1,1,1,1,1,1,0,1,1,0,1,1,0,0,0,0,0,0,0,0,0,1.9844675677679584
14104100,0,1,1,0,1,0,1,1,1,0,0,1,1,0,1,1,0,0,0,1,0,0,1,0,0,1.9841177133749288
14150408,0,1,1,0,1,0,1,1,1,1,1,1,0,1,0,1,1,0,0,0,0,1,0,0,0,1.9841095534738735
14541352,0,1,1,0,1,1,1,0,1,1,1,1,0,0,0,1,0,0,0,1,0,1,0,0,0,1.9841077750813305
30904864,1,1,1,0,1,0,1,1,1,1,0,0,1,0,0,1,0,0,0,1,0,0,0,0,0,1.9840288347682007
30906912,1,1,1,0,1,0,1,1,1,1,0,0,1,1,0,1,0,0,0,1,0,0,0,0,0,1.9840288347682007
33420848,1,1,1,1,1,1,1,0,1,1,1,1,1,0,1,1,0,0,0,1,1,0,0,0,0,1.9838292006499652
14674696,0,1,1,0,1,1,1,1,1,1,1,1,0,1,0,1,1,0,0,0,0,1,0,0,0,1.9836467870365855
14662152,0,1,1,0,1,1,1,1,1,1,0,1,1,1,0,1,0,0,0,0,0,1,0,0,0,1.9835850016566516
31325748,1,1,1,0,1,1,1,0,1,1,1,1,1,1,1,1,0,0,0,1,1,0,1,0,0,1.9835780894094106
27262496,1,1,0,0,1,1,1,1,1,1,1,1,1,1,1,1,0,0,0,1,0,0,0,0,0,1.9834827458157744
27260448,1,1,0,0,1,1,1,1,1,1,1,1,1,0,1,1,0,0,0,1,0,0,0,0,0,1.9834827458157744
31453700,1,1,1,0,1,1,1,1,1,1,1,1,1,0,0,1,0,0,0,0,0,0,1,0,0,1.9834439665825117
31455748,1,1,1,0,1,1,1,1,1,1,1,1,1,1,0,1,0,0,0,0,0,0,1,0,0,1.9834439665825117
14103044,0,1,1,0,1,0,1,1,1,0,0,1,1,0,0,1,0,0,0,0,0,0,1,0,0,1.983129992472012
14658072,0,1,1,0,1,1,1,1,1,1,0,1,0,1,0,1,0,0,0,0,1,1,0,0,0,1.9830049439952422
30915096,1,1,1,0,1,0,1,1,1,1,0,1,1,1,0,1,0,0,0,0,1,1,0,0,0,1.9828818514602444
14148140,0,1,1,0,1,0,1,1,1,1,1,1,0,0,0,1,0,0,0,1,0,1,1,0,0,1.9827053391618281
32880176,1,1,1,1,1,0,1,0,1,1,0,1,1,0,1,1,0,0,0,1,1,0,0,0,0,1.9824536786197589
32882224,1,1,1,1,1,0,1,0,1,1,0,1,1,1,1,1,0,0,0,1,1,0,0,0,0,1.9824536786197589
14155316,0,1,1,0,1,0,1,1,1,1,1,1,1,1,1,1,0,0,0,1,1,0,1,0,0,1.9823306318037042
14153268,0,1,1,0,1,0,1,1,1,1,1,1,1,0,1,1,0,0,0,1,1,0,1,0,0,1.9823306318037042
16642560,0,1,1,1,1,1,1,0,1,1,1,1,1,0,0,1,0,0,0,0,0,0,0,0,0,1.9822982629460195
30929448,1,1,1,0,1,0,1,1,1,1,1,1,1,0,0,1,0,0,0,1,0,1,0,0,0,1.981492713832559
14676516,0,1,1,0,1,1,1,1,1,1,1,1,1,0,0,1,0,0,0,1,0,0,1,0,0,1.981488056038244
14678564,0,1,1,0,1,1,1,1,1,1,1,1,1,1,0,1,0,0,0,1,0,0,1,0,0,1.981488056038244
14150172,0,1,1,0,1,0,1,1,1,1,1,1,0,1,0,1,0,0,0,0,1,1,1,0,0,1.981276596520039
30925372,1,1,1,0,1,0,1,1,1,1,1,1,0,0,0,1,0,0,0,1,1,1,1,0,0,1.9812477876653463
31454740,1,1,1,0,1,1,1,1,1,1,1,1,1,0,1,1,0,0,0,0,1,0,1,0,0,1.981228261637634
31456788,1,1,1,0,1,1,1,1,1,1,1,1,1,1,1,1,0,0,0,0,1,0,1,0,0,1.981228261637634
16769544,0,1,1,1,1,1,1,1,1,1,1,1,0,0,0,1,0,0,0,0,0,1,0,0,0,1.981159682433241
14674617,0,1,1,0,1,1,1,1,1,1,1,1,0,1,0,1,0,1,0,1,1,1,0,0,1,1.9810830069229048
14674616,0,1,1,0,1,1,1,1,1,1,1,1,0,1,0,1,0,1,0,1,1,1,0,0,0,1.9810830069229048
33552930,1,1,1,1,1,1,1,1,1,1,1,1,1,1,0,1,0,0,0,1,0,0,0,1,0,1.9810752631689985
33550882,1,1,1,1,1,1,1,1,1,1,1,1,1,0,0,1,0,0,0,1,0,0,0,1,0,1.9810752631689985
16775714,0,1,1,1,1,1,1,1,1,1,1,1,1,1,0,1,0,0,0,1,0,0,0,1,0,1.9810752631689985
16773666,0,1,1,1,1,1,1,1,1,1,1,1,1,0,0,1,0,0,0,1,0,0,0,1,0,1.9810752631689985
33421872,1,1,1,1,1,1,1,0,1,1,1,1,1,1,0,1,0,0,0,1,1,0,0,0,0,1.9809444349968688
30800408,1,1,1,0,1,0,1,0,1,1,1,1,1,1,0,1,0,0,0,0,1,1,0,0,0,1.9808747547069754
16626208,0,1,1,1,1,1,1,0,1,1,0,1,1,0,0,1,0,0,0,1,0,0,0,0,0,1.980816567390268
14546484,0,1,1,0,1,1,1,0,1,1,1,1,1,0,1,1,0,0,0,1,1,0,1,0,0,1.9808017635951887
30906880,1,1,1,0,1,0,1,1,1,1,0,0,1,1,0,1,0,0,0,0,0,0,0,0,0,1.9807100686021895
30904832,1,1,1,0,1,0,1,1,1,1,0,0,1,0,0,1,0,0,0,0,0,0,0,0,0,1.9807100686021895
30796348,1,1,1,0,1,0,1,0,1,1,1,1,0,1,0,1,0,0,0,1,1,1,1,0,0,1.9806339123675898
14106148,0,1,1,0,1,0,1,1,1,0,0,1,1,1,1,1,0,0,0,1,0,0,1,0,0,1.9804442936514333
16775696,0,1,1,1,1,1,1,1,1,1,1,1,1,1,0,1,0,0,0,0,1,0,0,0,0,1.9801779518429776
16773648,0,1,1,1,1,1,1,1,1,1,1,1,1,0,0,1,0,0,0,0,1,0,0,0,0,1.9801779518429776
14543400,0,1,1,0,1,1,1,0,1,1,1,1,0,1,0,1,0,0,0,1,0,1,0,0,0,1.9800943740852301
32896532,1,1,1,1,1,0,1,0,1,1,1,1,1,0,1,1,0,0,0,0,1,0,1,0,0,1.980046442404173
32898580,1,1,1,1,1,0,1,0,1,1,1,1,1,1,1,1,0,0,0,0,1,0,1,0,0,1.980046442404173
33536560,1,1,1,1,1,1,1,1,1,1,0,1,1,1,0,1,0,0,0,1,1,0,0,0,0,1.9799581999269351
33534512,1,1,1,1,1,1,1,1,1,1,0,1,1,0,0,1,0,0,0,1,1,0,0,0,0,1.9799581999269351
16120320,0,1,1,1,1,0,1,0,1,1,1,1,1,1,0,1,0,0,0,0,0,0,0,0,0,1.9796283401825912
16118272,0,1,1,1,1,0,1,0,1,1,1,1,1,0,0,1,0,0,0,0,0,0,0,0,0,1.9796283401825912
27246080,1,1,0,0,1,1,1,1,1,1,0,1,1,1,1,1,0,0,0,0,0,0,0,0,0,1.979604884019971
27244032,1,1,0,0,1,1,1,1,1,1,0,1,1,0,1,1,0,0,0,0,0,0,0,0,0,1.979604884019971
30798392,1,1,1,0,1,0,1,0,1,1,1,1,1,0,0,1,0,0,0,1,1,1,0,0,0,1.9795846839022966
14136884,0,1,1,0,1,0,1,1,1,1,0,1,1,0,1,1,0,0,0,1,1,0,1,0,0,1.979509831935782
14138932,0,1,1,0,1,0,1,1,1,1,0,1,1,1,1,1,0,0,0,1,1,0,1,0,0,1.979509831935782
14105092,0,1,1,0,1,0,1,1,1,0,0,1,1,1,0,1,0,0,0,0,0,0,1,0,0,1.979457788623289
30750260,1,1,1,0,1,0,1,0,1,0,0,1,1,0,1,1,0,0,0,1,1,0,1,0,0,1.979284939744974
13973044,0,1,1,0,1,0,1,0,1,0,0,1,1,0,1,1,0,0,0,1,1,0,1,0,0,1.979262396990658
30927624,1,1,1,0,1,0,1,1,1,1,1,1,0,1,0,1,1,0,0,0,0,1,0,0,0,1.9792474530494604
14023172,0,1,1,0,1,0,1,0,1,1,1,1,1,1,0,1,0,0,0,0,0,0,1,0,0,1.9792424293422701
14021124,0,1,1,0,1,0,1,0,1,1,1,1,1,0,0,1,0,0,0,0,0,0,1,0,0,1.9792424293422701
33551920,1,1,1,1,1,1,1,1,1,1,1,1,1,0,1,1,0,0,0,1,1,0,0,0,0,1.9790211939303346
33553968,1,1,1,1,1,1,1,1,1,1,1,1,1,1,1,1,0,0,0,1,1,0,0,0,0,1.9790211939303346
30931516,1,1,1,0,1,0,1,1,1,1,1,1,1,1,0,1,0,0,0,1,1,1,1,0,0,1.9788894307926836
32897536,1,1,1,1,1,0,1,0,1,1,1,1,1,1,0,1,0,0,0,0,0,0,0,0,0,1.9788840774503473
32895488,1,1,1,1,1,0,1,0,1,1,1,1,1,0,0,1,0,0,0,0,0,0,0,0,0,1.9788840774503473
31439368,1,1,1,0,1,1,1,1,1,1,0,1,1,1,0,1,0,0,0,0,0,1,0,0,0,1.9787237559004627
16751136,0,1,1,1,1,1,1,1,1,1,0,0,1,1,0,1,0,0,0,1,0,0,0,0,0,1.978623717977344
16749088,0,1,1,1,1,1,1,1,1,1,0,0,1,0,0,1,0,0,0,1,0,0,0,0,0,1.978623717977344
30798340,1,1,1,0,1,0,1,0,1,1,1,1,1,0,0,1,0,0,0,0,0,0,1,0,0,1.9784982630042822
30800388,1,1,1,0,1,0,1,0,1,1,1,1,1,1,0,1,0,0,0,0,0,0,1,0,0,1.9784982630042822
14133784,0,1,1,0,1,0,1,1,1,1,0,1,0,1,0,1,0,0,0,0,1,1,0,0,0,1.9784543014250708
30908984,1,1,1,0,1,0,1,1,1,1,0,1,0,0,0,1,0,0,0,1,1,1,0,0,0,1.978425519842953
16247304,0,1,1,1,1,0,1,1,1,1,1,1,0,1,0,1,0,0,0,0,0,1,0,0,0,1.9784246030180646
30794264,1,1,1,0,1,0,1,0,1,1,1,1,0,0,0,1,0,0,0,0,1,1,0,0,0,1.9782413135665384
31307284,1,1,1,0,1,1,1,0,1,1,0,1,1,0,1,1,0,0,0,0,1,0,1,0,0,1.9781875274702803
16642608,0,1,1,1,1,1,1,0,1,1,1,1,1,0,0,1,0,0,0,1,1,0,0,0,0,1.9781705598920005
30925356,1,1,1,0,1,0,1,1,1,1,1,1,0,0,0,1,0,0,0,1,0,1,1,0,0,1.9778455266664872
14662200,0,1,1,0,1,1,1,1,1,1,0,1,1,1,0,1,0,0,0,1,1,1,0,0,0,1.977704728476145
10468896,0,1,0,0,1,1,1,1,1,1,0,1,1,1,1,1,0,0,0,1,0,0,0,0,0,1.9776514903327813
10466848,0,1,0,0,1,1,1,1,1,1,0,1,1,0,1,1,0,0,0,1,0,0,0,0,0,1.9776514903327813
14660100,0,1,1,0,1,1,1,1,1,1,0,1,1,0,0,1,0,0,0,0,0,0,1,0,0,1.9776127868940296
14662148,0,1,1,0,1,1,1,1,1,1,0,1,1,1,0,1,0,0,0,0,0,0,1,0,0,1.9776127868940296
33419776,1,1,1,1,1,1,1,0,1,1,1,1,1,0,0,1,0,0,0,0,0,0,0,0,0,1.9774391137123337
14672536,0,1,1,0,1,1,1,1,1,1,1,1,0,0,0,1,0,1,0,0,1,1,0,0,0,1.9773990417160003
14672537,0,1,1,0,1,1,1,1,1,1,1,1,0,0,0,1,0,1,0,0,1,1,0,0,1,1.9773990417160003
32880148,1,1,1,1,1,0,1,0,1,1,0,1,1,0,1,1,0,0,0,0,1,0,1,0,0,1.9772278030080268
32882196,1,1,1,1,1,0,1,0,1,1,0,1,1,1,1,1,0,0,0,0,1,0,1,0,0,1.9772278030080268
16759298,0,1,1,1,1,1,1,1,1,1,0,1,1,1,0,1,0,0,0,0,0,0,0,1,0,1.9772005305633982
33536514,1,1,1,1,1,1,1,1,1,1,0,1,1,1,0,1,0,0,0,0,0,0,0,1,0,1.9772005305633982
16757250,0,1,1,1,1,1,1,1,1,1,0,1,1,0,0,1,0,0,0,0,0,0,0,1,0,1.9772005305633982
33534466,1,1,1,1,1,1,1,1,1,1,0,1,1,0,0,1,0,0,0,0,0,0,0,1,0,1.9772005305633982
16644640,0,1,1,1,1,1,1,0,1,1,1,1,1,1,0,1,0,0,0,1,0,0,0,0,0,1.9769983446105999
14128672,0,1,1,0,1,0,1,1,1,1,0,0,1,0,1,1,0,0,0,1,0,0,0,0,0,1.976811841804778
14130720,0,1,1,0,1,0,1,1,1,1,0,0,1,1,1,1,0,0,0,1,0,0,0,0,0,1.976811841804778
16101888,0,1,1,1,1,0,1,0,1,1,0,1,1,0,0,1,0,0,0,0,0,0,0,0,0,1.9768100962431654
16103936,0,1,1,1,1,0,1,0,1,1,0,1,1,1,0,1,0,0,0,0,0,0,0,0,0,1.9768100962431654
14117644,0,1,1,0,1,0,1,1,1,0,1,1,0,1,0,1,1,0,0,0,0,1,1,0,0,1.9767906895734388
14662184,0,1,1,0,1,1,1,1,1,1,0,1,1,1,0,1,0,0,0,1,0,1,0,0,0,1.976770939870437
31455780,1,1,1,0,1,1,1,1,1,1,1,1,1,1,0,1,0,0,0,1,0,0,1,0,0,1.9766302268993068
31453732,1,1,1,0,1,1,1,1,1,1,1,1,1,0,0,1,0,0,0,1,0,0,1,0,0,1.9766302268993068
14019128,0,1,1,0,1,0,1,0,1,1,1,1,0,1,0,1,0,0,0,1,1,1,0,0,0,1.9765516047213103
14006788,0,1,1,0,1,0,1,0,1,1,0,1,1,1,0,1,0,0,0,0,0,0,1,0,0,1.9764245504117524
14004740,0,1,1,0,1,0,1,0,1,1,0,1,1,0,0,1,0,0,0,0,0,0,1,0,0,1.9764245504117524
14103076,0,1,1,0,1,0,1,1,1,0,0,1,1,0,0,1,0,0,0,1,0,0,1,0,0,1.9763169698587038
14658104,0,1,1,0,1,1,1,1,1,1,0,1,0,1,0,1,0,0,0,1,1,1,0,0,0,1.976192206973947
30915128,1,1,1,0,1,0,1,1,1,1,0,1,1,1,0,1,0,0,0,1,1,1,0,0,0,1.976069395563884
32898576,1,1,1,1,1,0,1,0,1,1,1,1,1,1,1,1,0,0,0,0,1,0,0,0,0,1.976066605853517
32896528,1,1,1,1,1,0,1,0,1,1,1,1,1,0,1,1,0,0,0,0,1,0,0,0,0,1.976066605853517
32881152,1,1,1,1,1,0,1,0,1,1,0,1,1,1,0,1,0,0,0,0,0,0,0,0,0,1.9760665374624535
32879104,1,1,1,1,1,0,1,0,1,1,0,1,1,0,0,1,0,0,0,0,0,0,0,0,0,1.9760665374624535
33403424,1,1,1,1,1,1,1,0,1,1,0,1,1,0,0,1,0,0,0,1,0,0,0,0,0,1.975959832328201
30781956,1,1,1,0,1,0,1,0,1,1,0,1,1,0,0,1,0,0,0,0,0,0,1,0,0,1.9756810879341231
30784004,1,1,1,0,1,0,1,0,1,1,0,1,1,1,0,1,0,0,0,0,0,0,1,0,0,1.9756810879341231
30752308,1,1,1,0,1,0,1,0,1,0,0,1,1,1,1,1,0,0,0,1,1,0,1,0,0,1.975617469118557
13975092,0,1,1,0,1,0,1,0,1,0,0,1,1,1,1,1,0,0,0,1,1,0,1,0,0,1.975594954114151
33403408,1,1,1,1,1,1,1,0,1,1,0,1,1,0,0,1,0,0,0,0,1,0,0,0,0,1.975558631397159
16118320,0,1,1,1,1,0,1,0,1,1,1,1,1,0,0,1,0,0,0,1,1,0,0,0,0,1.9755043324827497
16120368,0,1,1,1,1,0,1,0,1,1,1,1,1,1,0,1,0,0,0,1,1,0,0,0,0,1.9755043324827497
16751104,0,1,1,1,1,1,1,1,1,1,0,0,1,1,0,1,0,0,0,0,0,0,0,0,0,1.9753109632541581
16749056,0,1,1,1,1,1,1,1,1,1,0,0,1,0,0,1,0,0,0,0,0,0,0,0,0,1.9753109632541581
30929436,1,1,1,0,1,0,1,1,1,1,1,1,1,0,0,1,0,0,0,0,1,1,1,0,0,1.9752081763650913
33537552,1,1,1,1,1,1,1,1,1,1,0,1,1,1,1,1,0,0,0,0,1,0,0,0,0,1.9751491311563725
33535504,1,1,1,1,1,1,1,1,1,1,0,1,1,0,1,1,0,0,0,0,1,0,0,0,0,1.9751491311563725
16252420,0,1,1,1,1,0,1,1,1,1,1,1,1,1,1,1,0,0,0,0,0,0,1,0,0,1.9749014613345655
16250372,0,1,1,1,1,0,1,1,1,1,1,1,1,0,1,1,0,0,0,0,0,0,1,0,0,1.9749014613345655
14541320,0,1,1,0,1,1,1,0,1,1,1,1,0,0,0,1,0,0,0,0,0,1,0,0,0,1.9749007237116099
33420816,1,1,1,1,1,1,1,0,1,1,1,1,1,0,1,1,0,0,0,0,1,0,0,0,0,1.974623008783082
14150204,0,1,1,0,1,0,1,1,1,1,1,1,0,1,0,1,0,0,0,1,1,1,1,0,0,1.9744678067858088
31454772,1,1,1,0,1,1,1,1,1,1,1,1,1,0,1,1,0,0,0,1,1,0,1,0,0,1.9744195822930442
31456820,1,1,1,0,1,1,1,1,1,1,1,1,1,1,1,1,0,0,0,1,1,0,1,0,0,1.9744195822930442
31325716,1,1,1,0,1,1,1,0,1,1,1,1,1,1,1,1,0,0,0,0,1,0,1,0,0,1.974372672311492
16769576,0,1,1,1,1,1,1,1,1,1,1,1,0,0,0,1,0,0,0,1,0,1,0,0,0,1.9743511597132941
14672384,0,1,1,0,1,1,1,1,1,1,1,1,0,0,0,1,0,0,0,0,0,0,0,0,0,1.9740481788015167
14674432,0,1,1,0,1,1,1,1,1,1,1,1,0,1,0,1,0,0,0,0,0,0,0,0,0,1.9740481788015167
14660120,0,1,1,0,1,1,1,1,1,1,0,1,1,0,0,1,0,0,0,0,1,1,0,0,0,1.9740249380809545
31435272,1,1,1,0,1,1,1,1,1,1,0,1,0,1,0,1,0,0,0,0,0,1,0,0,0,1.973972767494118
33526304,1,1,1,1,1,1,1,1,1,1,0,0,1,0,0,1,0,0,0,1,0,0,0,0,0,1.9737705557914969
33528352,1,1,1,1,1,1,1,1,1,1,0,0,1,1,0,1,0,0,0,1,0,0,0,0,0,1.9737705557914969
14148360,0,1,1,0,1,0,1,1,1,1,1,1,0,0,0,1,1,0,0,0,0,1,0,0,0,1.9736150105020305
33024520,1,1,1,1,1,0,1,1,1,1,1,1,0,1,0,1,0,0,0,0,0,1,0,0,0,1.9735717652562743
14128640,0,1,1,0,1,0,1,1,1,1,0,0,1,0,1,1,0,0,0,0,0,0,0,0,0,1.9735011022073403
14130688,0,1,1,0,1,0,1,1,1,1,0,0,1,1,1,1,0,0,0,0,0,0,0,0,0,1.9735011022073403
16775728,0,1,1,1,1,1,1,1,1,1,1,1,1,1,0,1,0,0,0,1,1,0,0,0,0,1.9733716712488276
16773680,0,1,1,1,1,1,1,1,1,1,1,1,1,0,0,1,0,0,0,1,1,0,0,0,0,1.9733716712488276
32880144,1,1,1,1,1,0,1,0,1,1,0,1,1,0,1,1,0,0,0,0,1,0,0,0,0,1.9732517307356492
32882192,1,1,1,1,1,0,1,0,1,1,0,1,1,1,1,1,0,0,0,0,1,0,0,0,0,1.9732517307356492
14672648,0,1,1,0,1,1,1,1,1,1,1,1,0,0,0,1,1,0,0,0,0,1,0,0,0,1.9731538715258576
33404464,1,1,1,1,1,1,1,0,1,1,0,1,1,0,1,1,0,0,0,1,1,0,0,0,0,1.9731451265246536
14660104,0,1,1,0,1,1,1,1,1,1,0,1,1,0,0,1,0,0,0,0,0,1,0,0,0,1.9730923034332966
14414336,0,1,1,0,1,1,0,1,1,1,1,1,1,0,0,1,0,0,0,0,0,0,0,0,0,1.9729863027150594
14416384,0,1,1,0,1,1,0,1,1,1,1,1,1,1,0,1,0,0,0,0,0,0,0,0,0,1.9729863027150594
31309364,1,1,1,0,1,1,1,0,1,1,0,1,1,1,1,1,0,0,0,1,1,0,1,0,0,1.9728949144277588
27246112,1,1,0,0,1,1,1,1,1,1,0,1,1,1,1,1,0,0,0,1,0,0,0,0,0,1.972799912226995
27244064,1,1,0,0,1,1,1,1,1,1,0,1,1,0,1,1,0,0,0,1,0,0,0,0,0,1.972799912226995
30800444,1,1,1,0,1,0,1,0,1,1,1,1,1,1,0,1,0,0,0,1,1,1,1,0,0,1.9727778805526053
31437316,1,1,1,0,1,1,1,1,1,1,0,1,1,0,0,1,0,0,0,0,0,0,1,0,0,1.972761271848933
31439364,1,1,1,0,1,1,1,1,1,1,0,1,1,1,0,1,0,0,0,0,0,0,1,0,0,1.972761271848933
16643616,0,1,1,1,1,1,1,0,1,1,1,1,1,0,1,1,0,0,0,1,0,0,0,0,0,1.9727324726452302
16101936,0,1,1,1,1,0,1,0,1,1,0,1,1,0,0,1,0,0,0,1,1,0,0,0,0,1.9726899891840681
16103984,0,1,1,1,1,0,1,0,1,1,0,1,1,1,0,1,0,0,0,1,1,0,0,0,0,1.9726899891840681
31322680,1,1,1,0,1,1,1,0,1,1,1,1,1,0,0,1,0,0,0,1,1,1,0,0,0,1.9726580362346238
14105124,0,1,1,0,1,0,1,1,1,0,0,1,1,1,0,1,0,0,0,1,0,0,1,0,0,1.9726531527741933
14656024,0,1,1,0,1,1,1,1,1,1,0,1,0,0,0,1,0,0,0,0,1,1,0,0,0,1.9725142857238207
14002728,0,1,1,0,1,0,1,0,1,1,0,1,0,1,0,1,0,0,0,1,0,1,0,0,0,1.9724861201998605
30913048,1,1,1,0,1,0,1,1,1,1,0,1,1,0,0,1,0,0,0,0,1,1,0,0,0,1.972391626081743
33552920,1,1,1,1,1,1,1,1,1,1,1,1,1,1,0,1,0,0,0,0,1,1,0,0,0,1.9722117150298182
33421856,1,1,1,1,1,1,1,0,1,1,1,1,1,1,0,1,0,0,0,1,0,0,0,0,0,1.972147830694997
16233988,0,1,1,1,1,0,1,1,1,1,0,1,1,0,1,1,0,0,0,0,0,0,1,0,0,1.9720876882539669
16236036,0,1,1,1,1,0,1,1,1,1,0,1,1,1,1,1,0,0,0,0,0,0,1,0,0,1.9720876882539669
30907936,1,1,1,0,1,0,1,1,1,1,0,0,1,1,1,1,0,0,0,1,0,0,0,0,0,1.971961631763867
30905888,1,1,1,0,1,0,1,1,1,1,0,0,1,0,1,1,0,0,0,1,0,0,0,0,0,1.971961631763867
31439400,1,1,1,0,1,1,1,1,1,1,0,1,1,1,0,1,0,0,0,1,0,1,0,0,0,1.9719207964722913
33421840,1,1,1,1,1,1,1,0,1,1,1,1,1,1,0,1,0,0,0,0,1,0,0,0,0,1.9717471436749923
30779944,1,1,1,0,1,0,1,0,1,1,0,1,0,1,0,1,0,0,0,1,0,1,0,0,0,1.9717436414780878
14133816,0,1,1,0,1,0,1,1,1,1,0,1,0,1,0,1,0,0,0,1,1,1,0,0,0,1.9716519573906097
16247336,0,1,1,1,1,0,1,1,1,1,1,1,0,1,0,1,0,0,0,1,0,1,0,0,0,1.971622326810322
16626176,0,1,1,1,1,1,1,0,1,1,0,1,1,0,0,1,0,0,0,0,0,0,0,0,0,1.9716196705861877
14546452,0,1,1,0,1,1,1,0,1,1,1,1,1,0,1,1,0,0,0,0,1,0,1,0,0,1.9716049124661683
30796316,1,1,1,0,1,0,1,0,1,1,1,1,0,1,0,1,0,0,0,0,1,1,1,0,0,1.971437579120292
14543368,0,1,1,0,1,1,1,0,1,1,1,1,0,1,0,1,0,0,0,0,0,1,0,0,0,1.9708997055085997
14662180,0,1,1,0,1,1,1,1,1,1,0,1,1,1,0,1,0,0,0,1,0,0,1,0,0,1.970812364752863
14660132,0,1,1,0,1,1,1,1,1,1,0,1,1,0,0,1,0,0,0,1,0,0,1,0,0,1.970812364752863
14148124,0,1,1,0,1,0,1,1,1,1,1,1,0,0,0,1,0,0,0,0,1,1,1,0,0,1.9707920165163635
14672569,0,1,1,0,1,1,1,1,1,1,1,1,0,0,0,1,0,1,0,1,1,1,0,0,1,1.9705991077368432
14672568,0,1,1,0,1,1,1,1,1,1,1,1,0,0,0,1,0,1,0,1,1,1,0,0,0,1.9705991077368432
31440404,1,1,1,0,1,1,1,1,1,1,0,1,1,1,1,1,0,0,0,0,1,0,1,0,0,1.970553500587346
31438356,1,1,1,0,1,1,1,1,1,1,0,1,1,0,1,1,0,0,0,0,1,0,1,0,0,1.970553500587346
33528320,1,1,1,1,1,1,1,1,1,1,0,0,1,1,0,1,0,0,0,0,0,0,0,0,0,1.9704631986403025
33526272,1,1,1,1,1,1,1,1,1,1,0,0,1,0,0,1,0,0,0,0,0,0,0,0,0,1.9704631986403025
16757282,0,1,1,1,1,1,1,1,1,1,0,1,1,0,0,1,0,0,0,1,0,0,0,1,0,1.9704010499540152
16759330,0,1,1,1,1,1,1,1,1,1,0,1,1,1,0,1,0,0,0,1,0,0,0,1,0,1.9704010499540152
33534498,1,1,1,1,1,1,1,1,1,1,0,1,1,0,0,1,0,0,0,1,0,0,0,1,0,1.9704010499540152
33536546,1,1,1,1,1,1,1,1,1,1,0,1,1,1,0,1,0,0,0,1,0,0,0,1,0,1.9704010499540152
30798360,1,1,1,0,1,0,1,0,1,1,1,1,1,0,0,1,0,0,0,0,1,1,0,0,0,1.9703915879041556
33405488,1,1,1,1,1,1,1,0,1,1,0,1,1,1,0,1,0,0,0,1,1,0,0,0,0,1.9702706902329243
30794300,1,1,1,0,1,0,1,0,1,1,1,1,0,0,0,1,0,0,0,1,1,1,1,0,0,1.9701515925612476
30931476,1,1,1,0,1,0,1,1,1,1,1,1,1,1,0,1,0,0,0,0,1,0,1,0,0,1.9701359449874611
30929428,1,1,1,0,1,0,1,1,1,1,1,1,1,0,0,1,0,0,0,0,1,0,1,0,0,1.9701359449874611
14530100,0,1,1,0,1,1,1,0,1,1,0,1,1,0,1,1,0,0,0,1,1,0,1,0,0,1.9701285296888467
30750228,1,1,1,0,1,0,1,0,1,0,0,1,1,0,1,1,0,0,0,0,1,0,1,0,0,1.9700927685659289
16121376,0,1,1,1,1,0,1,0,1,1,1,1,1,1,1,1,0,0,0,1,0,0,0,0,0,1.9700711137205
16119328,0,1,1,1,1,0,1,0,1,1,1,1,1,0,1,1,0,0,0,1,0,0,0,0,0,1.9700711137205
13973012,0,1,1,0,1,0,1,0,1,0,0,1,1,0,1,1,0,0,0,0,1,0,1,0,0,1.97007029536416
33027588,1,1,1,1,1,0,1,1,1,1,1,1,1,0,1,1,0,0,0,0,0,0,1,0,0,1.970054363934638
33029636,1,1,1,1,1,0,1,1,1,1,1,1,1,1,1,1,0,0,0,0,0,0,1,0,0,1.970054363934638
14019116,0,1,1,0,1,0,1,0,1,1,1,1,0,1,0,1,0,0,0,1,0,1,1,0,0,1.9699918286595108
14115596,0,1,1,0,1,0,1,1,1,0,1,1,0,0,0,1,1,0,0,0,0,1,1,0,0,1.9699778993979038
16759312,0,1,1,1,1,1,1,1,1,1,0,1,1,1,0,1,0,0,0,0,1,0,0,0,0,1.969506951593642
16757264,0,1,1,1,1,1,1,1,1,1,0,1,1,0,0,1,0,0,0,0,1,0,0,0,0,1.969506951593642
33422896,1,1,1,1,1,1,1,0,1,1,1,1,1,1,1,1,0,0,0,1,1,0,0,0,0,1.969336730337667
32898592,1,1,1,1,1,0,1,0,1,1,1,1,1,1,1,1,0,0,0,1,0,0,0,0,0,1.9693292382280954
32896544,1,1,1,1,1,0,1,0,1,1,1,1,1,0,1,1,0,0,0,1,0,0,0,0,0,1.9693292382280954
30796332,1,1,1,0,1,0,1,0,1,1,1,1,0,1,0,1,0,0,0,1,0,1,1,0,0,1.9692499729712258
31455746,1,1,1,0,1,1,1,1,1,1,1,1,1,1,0,1,0,0,0,0,0,0,0,1,0,1.9692230120250263
14676482,0,1,1,0,1,1,1,1,1,1,1,1,1,0,0,1,0,0,0,0,0,0,0,1,0,1.9692230120250263
14678530,0,1,1,0,1,1,1,1,1,1,1,1,1,1,0,1,0,0,0,0,0,0,0,1,0,1.9692230120250263
31453698,1,1,1,0,1,1,1,1,1,1,1,1,1,0,0,1,0,0,0,0,0,0,0,1,0,1.9692230120250263
16642576,0,1,1,1,1,1,1,0,1,1,1,1,1,0,0,1,0,0,0,0,1,0,0,0,0,1.9689818269776982
30925576,1,1,1,0,1,0,1,1,1,1,1,1,0,0,0,1,1,0,0,0,0,1,0,0,0,1.9687700091555576
14023224,0,1,1,0,1,0,1,0,1,1,1,1,1,1,0,1,0,0,0,1,1,1,0,0,0,1.9687063326103653
31324728,1,1,1,0,1,1,1,0,1,1,1,1,1,1,0,1,0,0,0,1,1,1,0,0,0,1.9686600342779537
30907904,1,1,1,0,1,0,1,1,1,1,0,0,1,1,1,1,0,0,0,0,0,0,0,0,0,1.9686562864551154
30905856,1,1,1,0,1,0,1,1,1,1,0,0,1,0,1,1,0,0,0,0,0,0,0,0,0,1.9686562864551154
16776720,0,1,1,1,1,1,1,1,1,1,1,1,1,1,1,1,0,0,0,0,1,0,0,0,0,1.9685732318452716
16774672,0,1,1,1,1,1,1,1,1,1,1,1,1,0,1,1,0,0,0,0,1,0,0,0,0,1.9685732318452716
14154268,0,1,1,0,1,0,1,1,1,1,1,1,1,1,0,1,0,0,0,0,1,1,1,0,0,1.968441930824597
30929468,1,1,1,0,1,0,1,1,1,1,1,1,1,0,0,1,0,0,0,1,1,1,1,0,0,1.9684132459946324
9958912,0,1,0,0,1,0,1,1,1,1,1,1,1,0,1,1,0,0,0,0,0,0,0,0,0,1.9683863745411763
9960960,0,1,0,0,1,0,1,1,1,1,1,1,1,1,1,1,0,0,0,0,0,0,0,0,0,1.9683863745411763
33535536,1,1,1,1,1,1,1,1,1,1,0,1,1,0,1,1,0,0,0,1,1,0,0,0,0,1.9683543356363367
33537584,1,1,1,1,1,1,1,1,1,1,0,1,1,1,1,1,0,0,0,1,1,0,0,0,0,1.9683543356363367
31437320,1,1,1,0,1,1,1,1,1,1,0,1,1,0,0,1,0,0,0,0,0,1,0,0,0,1.9682481537493433
16252452,0,1,1,1,1,0,1,1,1,1,1,1,1,1,1,1,0,0,0,1,0,0,1,0,0,1.9681072314553503
16250404,0,1,1,1,1,0,1,1,1,1,1,1,1,0,1,1,0,0,0,1,0,0,1,0,0,1.9681072314553503
14131736,0,1,1,0,1,0,1,1,1,1,0,1,0,0,0,1,0,0,0,0,1,1,0,0,0,1.9679796468938429
16245256,0,1,1,1,1,0,1,1,1,1,1,1,0,0,0,1,0,0,0,0,0,1,0,0,0,1.9679500529304579
33420832,1,1,1,1,1,1,1,0,1,1,1,1,1,0,1,1,0,0,0,1,0,0,0,0,0,1.96788890924452
16119348,0,1,1,1,1,0,1,0,1,1,1,1,1,0,1,1,0,0,0,1,1,0,1,0,0,1.9678814016149166
16121396,0,1,1,1,1,0,1,0,1,1,1,1,1,1,1,1,0,0,0,1,1,0,1,0,0,1.9678814016149166
16644608,0,1,1,1,1,1,1,0,1,1,1,1,1,1,0,1,0,0,0,0,0,0,0,0,0,1.967813228404247
16626224,0,1,1,1,1,1,1,0,1,1,0,1,1,0,0,1,0,0,0,1,1,0,0,0,0,1.967506747428212
14019096,0,1,1,0,1,0,1,0,1,1,1,1,0,1,0,1,0,0,0,0,1,1,0,0,0,1.9673678668690315
30915092,1,1,1,0,1,0,1,1,1,1,0,1,1,1,0,1,0,0,0,0,1,0,1,0,0,1.9673266793104813
30913044,1,1,1,0,1,0,1,1,1,1,0,1,1,0,0,1,0,0,0,0,1,0,1,0,0,1.9673266793104813
16102944,0,1,1,1,1,0,1,0,1,1,0,1,1,0,1,1,0,0,0,1,0,0,0,0,0,1.9672619093633577
16104992,0,1,1,1,1,0,1,0,1,1,0,1,1,1,1,1,0,0,0,1,0,0,0,0,0,1.9672619093633577
14674464,0,1,1,0,1,1,1,1,1,1,1,1,0,1,0,1,0,0,0,1,0,0,0,0,0,1.967255897691952
14672416,0,1,1,0,1,1,1,1,1,1,1,1,0,0,0,1,0,0,0,1,0,0,0,0,0,1.967255897691952
33011204,1,1,1,1,1,0,1,1,1,1,0,1,1,0,1,1,0,0,0,0,0,0,1,0,0,1.9672451754200695
33013252,1,1,1,1,1,0,1,1,1,1,0,1,1,1,1,1,0,0,0,0,0,0,1,0,0,1.9672451754200695
14660152,0,1,1,0,1,1,1,1,1,1,0,1,1,0,0,1,0,0,0,1,1,1,0,0,0,1.967232710049719
31435304,1,1,1,0,1,1,1,1,1,1,0,1,0,1,0,1,0,0,0,1,0,1,0,0,0,1.9671806586126979
33024552,1,1,1,1,1,0,1,1,1,1,1,1,0,1,0,1,0,0,0,1,0,1,0,0,0,1.9667805722039735
33403392,1,1,1,1,1,1,1,0,1,1,0,1,1,0,0,1,0,0,0,0,0,0,0,0,0,1.966777920307706
16643632,0,1,1,1,1,1,1,0,1,1,1,1,1,0,1,1,0,0,0,1,1,0,0,0,0,1.9665736566159446
32880160,1,1,1,1,1,0,1,0,1,1,0,1,1,0,1,1,0,0,0,1,0,0,0,0,0,1.9665207355645442
32882208,1,1,1,1,1,0,1,0,1,1,0,1,1,1,1,1,0,0,0,1,0,0,0,0,0,1.9665207355645442
30752276,1,1,1,0,1,0,1,0,1,0,0,1,1,1,1,1,0,0,0,0,1,0,1,0,0,1.9664366134123432
13975060,0,1,1,0,1,0,1,0,1,0,0,1,1,1,1,1,0,0,0,0,1,0,1,0,0,1.966414167874866
16628256,0,1,1,1,1,1,1,0,1,1,0,1,1,1,0,1,0,0,0,1,0,0,0,0,0,1.9663387294497117
14148096,0,1,1,0,1,0,1,1,1,1,1,1,0,0,0,1,0,0,0,0,0,0,0,0,0,1.966329668637446
14150144,0,1,1,0,1,0,1,1,1,1,1,1,0,1,0,1,0,0,0,0,0,0,0,0,0,1.966329668637446
14548532,0,1,1,0,1,1,1,0,1,1,1,1,1,1,1,1,0,0,0,1,1,0,1,0,0,1.966323997556724
16120336,0,1,1,1,1,0,1,0,1,1,1,1,1,1,0,1,0,0,0,0,1,0,0,0,0,1.9663238258439608
16118288,0,1,1,1,1,0,1,0,1,1,1,1,1,0,0,1,0,0,0,0,1,0,0,0,0,1.9663238258439608
14660136,0,1,1,0,1,1,1,1,1,1,0,1,1,0,0,1,0,0,0,1,0,1,0,0,0,1.9663022054000698
14017080,0,1,1,0,1,0,1,0,1,1,1,1,0,0,0,1,0,0,0,1,1,1,0,0,0,1.966083641610743
31439396,1,1,1,0,1,1,1,1,1,1,0,1,1,1,0,1,0,0,0,1,0,0,1,0,0,1.965971929842321
31437348,1,1,1,0,1,1,1,1,1,1,0,1,1,0,0,1,0,0,0,1,0,0,1,0,0,1.965971929842321
13973028,0,1,1,0,1,0,1,0,1,0,0,1,1,0,1,1,0,0,0,1,0,0,1,0,0,1.9659127193329191
14656056,0,1,1,0,1,1,1,1,1,1,0,1,0,0,0,1,0,0,0,1,1,1,0,0,0,1.9657255077965683
14137880,0,1,1,0,1,0,1,1,1,1,0,1,1,1,0,1,0,0,0,0,1,1,0,0,0,1.9656317859655634
30913080,1,1,1,0,1,0,1,1,1,1,0,1,1,0,0,1,0,0,0,1,1,1,0,0,0,1.9656031282907627
9942528,0,1,0,0,1,0,1,1,1,1,0,1,1,0,1,1,0,0,0,0,0,0,0,0,0,1.9655787636733686
9944576,0,1,0,0,1,0,1,1,1,1,0,1,1,1,1,1,0,0,0,0,0,0,0,0,0,1.9655787636733686
33552952,1,1,1,1,1,1,1,1,1,1,1,1,1,1,0,1,0,0,0,1,1,1,0,0,0,1.965423628128765
14416416,0,1,1,0,1,1,0,1,1,1,1,1,1,1,0,1,0,0,0,1,0,0,0,0,0,1.965391031718866
14414368,0,1,1,0,1,1,0,1,1,1,1,1,1,0,0,1,0,0,0,1,0,0,0,0,0,1.965391031718866
16236068,0,1,1,1,1,0,1,1,1,1,0,1,1,1,1,1,0,0,0,1,0,0,1,0,0,1.9652998846115148
16234020,0,1,1,1,1,0,1,1,1,1,0,1,1,0,1,1,0,0,0,1,0,0,1,0,0,1.9652998846115148
16249346,0,1,1,1,1,0,1,1,1,1,1,1,1,0,0,1,0,0,0,0,0,0,0,1,0,1.9652990748236077
33028610,1,1,1,1,1,0,1,1,1,1,1,1,1,1,0,1,0,0,0,0,0,0,0,1,0,1.9652990748236077
16251394,0,1,1,1,1,0,1,1,1,1,1,1,1,1,0,1,0,0,0,0,0,0,0,1,0,1.9652990748236077
33026562,1,1,1,1,1,0,1,1,1,1,1,1,1,0,0,1,0,0,0,0,0,0,0,1,0,1.9652990748236077
33028624,1,1,1,1,1,0,1,1,1,1,1,1,1,1,0,1,0,0,0,0,1,0,0,0,0,1.965218280917267
33026576,1,1,1,1,1,0,1,1,1,1,1,1,1,0,0,1,0,0,0,0,1,0,0,0,0,1.965218280917267
16105012,0,1,1,1,1,0,1,0,1,1,0,1,1,1,1,1,0,0,0,1,1,0,1,0,0,1.9650742683693916
16102964,0,1,1,1,1,0,1,0,1,1,0,1,1,0,1,1,0,0,0,1,1,0,1,0,0,1.9650742683693916
14101004,0,1,1,0,1,0,1,1,1,0,0,1,0,1,0,1,0,0,0,0,0,1,1,0,0,1.9650708253203901
30881284,1,1,1,0,1,0,1,1,1,0,0,1,1,0,1,1,0,0,0,0,0,0,1,0,0,1.9647326173228619
14137864,0,1,1,0,1,0,1,1,1,1,0,1,1,1,0,1,0,0,0,0,0,1,0,0,0,1.964701783355171
30749236,1,1,1,0,1,0,1,0,1,0,0,1,1,0,0,1,0,0,0,1,1,0,1,0,0,1.9643701148219146
13972020,0,1,1,0,1,0,1,0,1,0,0,1,1,0,0,1,0,0,0,1,1,0,1,0,0,1.9643476849205952
33551874,1,1,1,1,1,1,1,1,1,1,1,1,1,0,1,1,0,0,0,0,0,0,0,1,0,1.9641646304097602
33553922,1,1,1,1,1,1,1,1,1,1,1,1,1,1,1,1,0,0,0,0,0,0,0,1,0,1.9641646304097602
16774658,0,1,1,1,1,1,1,1,1,1,1,1,1,0,1,1,0,0,0,0,0,0,0,1,0,1.9641646304097602
16776706,0,1,1,1,1,1,1,1,1,1,1,1,1,1,1,1,0,0,0,0,0,0,0,1,0,1.9641646304097602
14148156,0,1,1,0,1,0,1,1,1,1,1,1,0,0,0,1,0,0,0,1,1,1,1,0,0,1.964007171994322
14679572,0,1,1,0,1,1,1,1,1,1,1,1,1,1,1,1,0,0,0,0,1,0,1,0,0,1.9639877588860188
14677524,0,1,1,0,1,1,1,1,1,1,1,1,1,0,1,1,0,0,0,0,1,0,1,0,0,1.9639877588860188
33404432,1,1,1,1,1,1,1,0,1,1,0,1,1,0,1,1,0,0,0,0,1,0,0,0,0,1.9639718988892003
16119344,0,1,1,1,1,0,1,0,1,1,1,1,1,0,1,1,0,0,0,1,1,0,0,0,0,1.9639178114130709
16121392,0,1,1,1,1,0,1,0,1,1,1,1,1,1,1,1,0,0,0,1,1,0,0,0,0,1.9639178114130709
31438388,1,1,1,0,1,1,1,1,1,1,0,1,1,0,1,1,0,0,0,1,1,0,1,0,0,1.9637692008000032
31440436,1,1,1,0,1,1,1,1,1,1,0,1,1,1,1,1,0,0,0,1,1,0,1,0,0,1.9637692008000032
31309332,1,1,1,0,1,1,1,0,1,1,0,1,1,1,1,1,0,0,0,0,1,0,1,0,0,1.9637224587870867
16644656,0,1,1,1,1,1,1,0,1,1,1,1,1,1,0,1,0,0,0,1,1,0,0,0,0,1.9637055736204023
30800412,1,1,1,0,1,0,1,0,1,1,1,1,1,1,0,1,0,0,0,0,1,1,1,0,0,1.963605786003751
16643584,0,1,1,1,1,1,1,0,1,1,1,1,1,0,1,1,0,0,0,0,0,0,0,0,0,1.963560518196187
26736128,1,1,0,0,1,0,1,1,1,1,1,1,1,0,1,1,0,0,0,0,0,0,0,0,0,1.9635498923702461
26738176,1,1,0,0,1,0,1,1,1,1,1,1,1,1,1,1,0,0,0,0,0,0,0,0,0,1.9635498923702461
14131712,0,1,1,0,1,0,1,1,1,1,0,1,0,0,0,1,0,0,0,0,0,0,0,0,0,1.9635240030790149
14133760,0,1,1,0,1,0,1,1,1,1,0,1,0,1,0,1,0,0,0,0,0,0,0,0,0,1.9635240030790149
16103952,0,1,1,1,1,0,1,0,1,1,0,1,1,1,0,1,0,0,0,0,1,0,0,0,0,1.9635181658118623
16101904,0,1,1,1,1,0,1,0,1,1,0,1,1,0,0,1,0,0,0,0,1,0,0,0,0,1.9635181658118623
31433224,1,1,1,0,1,1,1,1,1,1,0,1,0,0,0,1,0,0,0,0,0,1,0,0,0,1.9635138736612072
31322648,1,1,1,0,1,1,1,0,1,1,1,1,1,0,0,1,0,0,0,0,1,1,0,0,0,1.9634863114488195
14658048,0,1,1,0,1,1,1,1,1,1,0,1,0,1,0,1,0,0,0,0,0,0,0,0,0,1.963399127177636
14656000,0,1,1,0,1,1,1,1,1,1,0,1,0,0,0,1,0,0,0,0,0,0,0,0,0,1.963399127177636
30931508,1,1,1,0,1,0,1,1,1,1,1,1,1,1,0,1,0,0,0,1,1,0,1,0,0,1.9633525988346403
30929460,1,1,1,0,1,0,1,1,1,1,1,1,1,0,0,1,0,0,0,1,1,0,1,0,0,1.9633525988346403
14002696,0,1,1,0,1,0,1,0,1,1,0,1,0,1,0,1,0,0,0,0,0,1,0,0,0,1.9633149258371783
33029668,1,1,1,1,1,0,1,1,1,1,1,1,1,1,1,1,0,0,0,1,0,0,1,0,0,1.963271204100737
33027620,1,1,1,1,1,0,1,1,1,1,1,1,1,0,1,1,0,0,0,1,0,0,1,0,0,1.963271204100737
33022472,1,1,1,1,1,0,1,1,1,1,1,1,0,0,0,1,0,0,0,0,0,1,0,0,0,1.9631142816715939
26604080,1,1,0,0,1,0,1,0,1,1,1,1,1,0,0,1,0,0,0,1,1,0,0,0,0,1.963036187973474
26606128,1,1,0,0,1,0,1,0,1,1,1,1,1,1,0,1,0,0,0,1,1,0,0,0,0,1.963036187973474
33421824,1,1,1,1,1,1,1,0,1,1,1,1,1,1,0,1,0,0,0,0,0,0,0,0,0,1.9629776800777436
14546468,0,1,1,0,1,1,1,0,1,1,1,1,1,0,1,1,0,0,0,1,0,0,1,0,0,1.962842428196826
14675464,0,1,1,0,1,1,1,1,1,1,1,1,0,1,1,1,0,0,0,0,0,1,0,0,0,1.962755540312517
16757296,0,1,1,1,1,1,1,1,1,1,0,1,1,0,0,1,0,0,0,1,1,0,0,0,0,1.9627250419676328
16759344,0,1,1,1,1,1,1,1,1,1,0,1,1,1,0,1,0,0,0,1,1,0,0,0,0,1.9627250419676328
30779912,1,1,1,0,1,0,1,0,1,1,0,1,0,1,0,1,0,0,0,0,0,1,0,0,0,1.9625747379307004
16232962,0,1,1,1,1,0,1,1,1,1,0,1,1,0,0,1,0,0,0,0,0,0,0,1,0,1.9624943840393558
33010178,1,1,1,1,1,0,1,1,1,1,0,1,1,0,0,1,0,0,0,0,0,0,0,1,0,1.9624943840393558
33012226,1,1,1,1,1,0,1,1,1,1,0,1,1,1,0,1,0,0,0,0,0,0,0,1,0,1.9624943840393558
16235010,0,1,1,1,1,0,1,1,1,1,0,1,1,1,0,1,0,0,0,0,0,0,0,1,0,1.9624943840393558
31455778,1,1,1,0,1,1,1,1,1,1,1,1,1,1,0,1,0,0,0,1,0,0,0,1,0,1.962441750874513
31453730,1,1,1,0,1,1,1,1,1,1,1,1,1,0,0,1,0,0,0,1,0,0,0,1,0,1.962441750874513
14676514,0,1,1,0,1,1,1,1,1,1,1,1,1,0,0,1,0,0,0,1,0,0,0,1,0,1.962441750874513
14678562,0,1,1,0,1,1,1,1,1,1,1,1,1,1,0,1,0,0,0,1,0,0,0,1,0,1.962441750874513
33012240,1,1,1,1,1,0,1,1,1,1,0,1,1,1,0,1,0,0,0,0,1,0,0,0,0,1.9624136665509138
33010192,1,1,1,1,1,0,1,1,1,1,0,1,1,0,0,1,0,0,0,0,1,0,0,0,0,1.9624136665509138
30798396,1,1,1,0,1,0,1,0,1,1,1,1,1,0,0,1,0,0,0,1,1,1,1,0,0,1.9623231889086992
13975076,0,1,1,0,1,0,1,0,1,0,0,1,1,1,1,1,0,0,0,1,0,0,1,0,0,1.9622617097790627
